<?xml version="1.0"?>
<feed xmlns="http://www.w3.org/2005/Atom" xmlns:xsi="http://www.w3.org/2001/XMLSchema-instance" xsi:schemaLocation="http://naesb.org/espi espi.xsd">
  <id>urn:uuid:5762c9e8-4e65-3b0c-83b3-7874683f3dbe</id>
  <link href="/v1/espi_third_party_batch_feed" rel="self">
  </link>
  <title type="text">Opower ESPI Third Party Batch Feed v1</title>
  <updated>2012-11-04T05:53:53.536Z</updated>
  <entry>
    <id>urn:uuid:f5f5a34d-cfea-3d73-9594-c2507aebb5d9</id>
    <link href="/v1/User/2413798/UsagePoint/6971602" rel="self">
    </link>
    <link href="/v1/User/2413798/UsagePoint/6971602/MeterReading/1" rel="related">
    </link>
    <title type="text">1625 CHESTNUT ST BERKELEY CA 94702-1460</title>
    <updated>2012-11-04T05:53:53.536Z</updated>
    <published>2011-11-30T12:00:00.000Z</published>
    <content type="xml">
      <UsagePoint xmlns="http://naesb.org/espi">
        <ServiceCategory>
          <kind>1</kind>
        </ServiceCategory>
      </UsagePoint>
    </content>
  </entry>
  <entry>
    <id>urn:uuid:bb5437c0-f709-383b-998b-1f717dc29cde</id>
    <link href="/v1/User/2413798/UsagePoint/6971602/MeterReading/1" rel="self">
    </link>
    <link href="/v1/ReadingType/1" rel="related">
    </link>
    <link href="/v1/User/2413798/UsagePoint/6971602/MeterReading/1/IntervalBlock/1" rel="related">
    </link>
    <updated>2012-11-04T05:53:53.536Z</updated>
    <published>2011-11-30T12:00:00.000Z</published>
    <content type="xml">
      <MeterReading xmlns="http://naesb.org/espi">
      </MeterReading>
    </content>
  </entry>
  <entry>
    <id>urn:uuid:4e1226d5-5172-3fdf-adf6-4001aee94849</id>
    <link href="/v1/ReadingType/1" rel="self">
    </link>
    <updated>2012-11-04T05:53:53.536Z</updated>
    <published>2011-11-30T12:00:00.000Z</published>
    <content type="xml">
      <ReadingType xmlns="http://naesb.org/espi">
        <currency>840</currency>
        <powerOfTenMultiplier>-3</powerOfTenMultiplier>
        <uom>169</uom>
      </ReadingType>
    </content>
  </entry>
  <entry>
    <id>urn:uuid:5f0650ee-d4da-3e96-959d-5f36b0e42fa7</id>
    <link href="/v1/User/2413798/UsagePoint/6971602/MeterReading/1/IntervalBlock/1" rel="self">
    </link>
    <content type="xml">
      <IntervalBlock xmlns="http://naesb.org/espi">
        <interval>
          <duration>2678400</duration>
          <start>1334127600</start>
        </interval>
        <IntervalReading>
          <cost>123030</cost>
          <timePeriod>
            <duration>86400</duration>
            <start>1334127600</start>
          </timePeriod>
          <value>1033</value>
        </IntervalReading>
        <IntervalReading>
          <cost>0</cost>
          <timePeriod>
            <duration>86400</duration>
            <start>1334214000</start>
          </timePeriod>
          <value>0</value>
        </IntervalReading>
        <IntervalReading>
          <cost>0</cost>
          <timePeriod>
            <duration>86400</duration>
            <start>1334300400</start>
          </timePeriod>
          <value>0</value>
        </IntervalReading>
        <IntervalReading>
          <cost>123030</cost>
          <timePeriod>
            <duration>86400</duration>
            <start>1334386800</start>
          </timePeriod>
          <value>1033</value>
        </IntervalReading>
        <IntervalReading>
          <cost>246060</cost>
          <timePeriod>
            <duration>86400</duration>
            <start>1334473200</start>
          </timePeriod>
          <value>2066</value>
        </IntervalReading>
        <IntervalReading>
          <cost>123387</cost>
          <timePeriod>
            <duration>86400</duration>
            <start>1334559600</start>
          </timePeriod>
          <value>1036</value>
        </IntervalReading>
        <IntervalReading>
          <cost>123387</cost>
          <timePeriod>
            <duration>86400</duration>
            <start>1334646000</start>
          </timePeriod>
          <value>1036</value>
        </IntervalReading>
        <IntervalReading>
          <cost>246786</cost>
          <timePeriod>
            <duration>86400</duration>
            <start>1334732400</start>
          </timePeriod>
          <value>2072</value>
        </IntervalReading>
        <IntervalReading>
          <cost>123387</cost>
          <timePeriod>
            <duration>86400</duration>
            <start>1334818800</start>
          </timePeriod>
          <value>1036</value>
        </IntervalReading>
        <IntervalReading>
          <cost>246786</cost>
          <timePeriod>
            <duration>86400</duration>
            <start>1334905200</start>
          </timePeriod>
          <value>2072</value>
        </IntervalReading>
        <IntervalReading>
          <cost>123387</cost>
          <timePeriod>
            <duration>86400</duration>
            <start>1334991600</start>
          </timePeriod>
          <value>1036</value>
        </IntervalReading>
        <IntervalReading>
          <cost>246786</cost>
          <timePeriod>
            <duration>86400</duration>
            <start>1335078000</start>
          </timePeriod>
          <value>2072</value>
        </IntervalReading>
        <IntervalReading>
          <cost>247024</cost>
          <timePeriod>
            <duration>86400</duration>
            <start>1335164400</start>
          </timePeriod>
          <value>2074</value>
        </IntervalReading>
        <IntervalReading>
          <cost>123506</cost>
          <timePeriod>
            <duration>86400</duration>
            <start>1335250800</start>
          </timePeriod>
          <value>1037</value>
        </IntervalReading>
        <IntervalReading>
          <cost>123506</cost>
          <timePeriod>
            <duration>86400</duration>
            <start>1335337200</start>
          </timePeriod>
          <value>1037</value>
        </IntervalReading>
        <IntervalReading>
          <cost>123506</cost>
          <timePeriod>
            <duration>86400</duration>
            <start>1335423600</start>
          </timePeriod>
          <value>1037</value>
        </IntervalReading>
        <IntervalReading>
          <cost>182464</cost>
          <timePeriod>
            <duration>86400</duration>
            <start>1335510000</start>
          </timePeriod>
          <value>2074</value>
        </IntervalReading>
        <IntervalReading>
          <cost>182464</cost>
          <timePeriod>
            <duration>86400</duration>
            <start>1335596400</start>
          </timePeriod>
          <value>2074</value>
        </IntervalReading>
        <IntervalReading>
          <cost>91227</cost>
          <timePeriod>
            <duration>86400</duration>
            <start>1335682800</start>
          </timePeriod>
          <value>1037</value>
        </IntervalReading>
        <IntervalReading>
          <cost>182640</cost>
          <timePeriod>
            <duration>86400</duration>
            <start>1335769200</start>
          </timePeriod>
          <value>2076</value>
        </IntervalReading>
        <IntervalReading>
          <cost>94045</cost>
          <timePeriod>
            <duration>86400</duration>
            <start>1335855600</start>
          </timePeriod>
          <value>1038</value>
        </IntervalReading>
        <IntervalReading>
          <cost>94045</cost>
          <timePeriod>
            <duration>86400</duration>
            <start>1335942000</start>
          </timePeriod>
          <value>1038</value>
        </IntervalReading>
        <IntervalReading>
          <cost>188082</cost>
          <timePeriod>
            <duration>86400</duration>
            <start>1336028400</start>
          </timePeriod>
          <value>2076</value>
        </IntervalReading>
        <IntervalReading>
          <cost>94045</cost>
          <timePeriod>
            <duration>86400</duration>
            <start>1336114800</start>
          </timePeriod>
          <value>1038</value>
        </IntervalReading>
        <IntervalReading>
          <cost>188082</cost>
          <timePeriod>
            <duration>86400</duration>
            <start>1336201200</start>
          </timePeriod>
          <value>2076</value>
        </IntervalReading>
        <IntervalReading>
          <cost>188082</cost>
          <timePeriod>
            <duration>86400</duration>
            <start>1336287600</start>
          </timePeriod>
          <value>2076</value>
        </IntervalReading>
        <IntervalReading>
          <cost>93765</cost>
          <timePeriod>
            <duration>86400</duration>
            <start>1336374000</start>
          </timePeriod>
          <value>1035</value>
        </IntervalReading>
        <IntervalReading>
          <cost>93765</cost>
          <timePeriod>
            <duration>86400</duration>
            <start>1336460400</start>
          </timePeriod>
          <value>1035</value>
        </IntervalReading>
        <IntervalReading>
          <cost>93765</cost>
          <timePeriod>
            <duration>86400</duration>
            <start>1336546800</start>
          </timePeriod>
          <value>1035</value>
        </IntervalReading>
        <IntervalReading>
          <cost>125981</cost>
          <timePeriod>
            <duration>86400</duration>
            <start>1336633200</start>
          </timePeriod>
          <value>1035</value>
        </IntervalReading>
        <IntervalReading>
          <cost>251962</cost>
          <timePeriod>
            <duration>86400</duration>
            <start>1336719600</start>
          </timePeriod>
          <value>2070</value>
        </IntervalReading>
      </IntervalBlock>
    </content>
  </entry>
</feed>