<?xml version="1.0"?>
<feed xmlns="http://www.w3.org/2005/Atom" xmlns:xsi="http://www.w3.org/2001/XMLSchema-instance" xsi:schemaLocation="http://naesb.org/espi espi.xsd">
  <id>urn:uuid:5762c9e8-4e65-3b0c-83b3-7874683f3dbe</id>
  <link href="/v1/espi_third_party_batch_feed" rel="self">
  </link>
  <title type="text">Opower ESPI Third Party Batch Feed v1</title>
  <updated>2012-11-05T18:07:19.690Z</updated>
  <entry>
    <id>urn:uuid:f5f5a34d-cfea-3d73-9594-c2507aebb5d9</id>
    <link href="/v1/User/2413798/UsagePoint/6971602" rel="self">
    </link>
    <link href="/v1/User/2413798/UsagePoint/6971602/MeterReading/1" rel="related">
    </link>
    <title type="text">1625 CHESTNUT ST BERKELEY CA 94702-1460</title>
    <updated>2012-11-05T18:07:19.690Z</updated>
    <published>2011-11-30T12:00:00.000Z</published>
    <content type="xml">
      <UsagePoint xmlns="http://naesb.org/espi">
        <ServiceCategory>
          <kind>1</kind>
        </ServiceCategory>
      </UsagePoint>
    </content>
  </entry>
  <entry>
    <id>urn:uuid:bb5437c0-f709-383b-998b-1f717dc29cde</id>
    <link href="/v1/User/2413798/UsagePoint/6971602/MeterReading/1" rel="self">
    </link>
    <link href="/v1/ReadingType/1" rel="related">
    </link>
    <link href="/v1/User/2413798/UsagePoint/6971602/MeterReading/1/IntervalBlock/1" rel="related">
    </link>
    <updated>2012-11-05T18:07:19.690Z</updated>
    <published>2011-11-30T12:00:00.000Z</published>
    <content type="xml">
      <MeterReading xmlns="http://naesb.org/espi">
      </MeterReading>
    </content>
  </entry>
  <entry>
    <id>urn:uuid:4e1226d5-5172-3fdf-adf6-4001aee94849</id>
    <link href="/v1/ReadingType/1" rel="self">
    </link>
    <updated>2012-11-05T18:07:19.690Z</updated>
    <published>2011-11-30T12:00:00.000Z</published>
    <content type="xml">
      <ReadingType xmlns="http://naesb.org/espi">
        <currency>840</currency>
        <powerOfTenMultiplier>-3</powerOfTenMultiplier>
        <uom>169</uom>
      </ReadingType>
    </content>
  </entry>
  <entry>
    <id>urn:uuid:5f0650ee-d4da-3e96-959d-5f36b0e42fa7</id>
    <link href="/v1/User/2413798/UsagePoint/6971602/MeterReading/1/IntervalBlock/1" rel="self">
    </link>
    <content type="xml">
      <IntervalBlock xmlns="http://naesb.org/espi">
        <interval>
          <duration>26697600</duration>
          <start>1325404800</start>
        </interval>
        <IntervalReading>
          <cost>298695</cost>
          <timePeriod>
            <duration>86400</duration>
            <start>1325404800</start>
          </timePeriod>
          <value>3099</value>
        </IntervalReading>
        <IntervalReading>
          <cost>199130</cost>
          <timePeriod>
            <duration>86400</duration>
            <start>1325491200</start>
          </timePeriod>
          <value>2066</value>
        </IntervalReading>
        <IntervalReading>
          <cost>199323</cost>
          <timePeriod>
            <duration>86400</duration>
            <start>1325577600</start>
          </timePeriod>
          <value>2068</value>
        </IntervalReading>
        <IntervalReading>
          <cost>298984</cost>
          <timePeriod>
            <duration>86400</duration>
            <start>1325664000</start>
          </timePeriod>
          <value>3102</value>
        </IntervalReading>
        <IntervalReading>
          <cost>199323</cost>
          <timePeriod>
            <duration>86400</duration>
            <start>1325750400</start>
          </timePeriod>
          <value>2068</value>
        </IntervalReading>
        <IntervalReading>
          <cost>398646</cost>
          <timePeriod>
            <duration>86400</duration>
            <start>1325836800</start>
          </timePeriod>
          <value>4136</value>
        </IntervalReading>
        <IntervalReading>
          <cost>199323</cost>
          <timePeriod>
            <duration>86400</duration>
            <start>1325923200</start>
          </timePeriod>
          <value>2068</value>
        </IntervalReading>
        <IntervalReading>
          <cost>199323</cost>
          <timePeriod>
            <duration>86400</duration>
            <start>1326009600</start>
          </timePeriod>
          <value>2068</value>
        </IntervalReading>
        <IntervalReading>
          <cost>199130</cost>
          <timePeriod>
            <duration>86400</duration>
            <start>1326096000</start>
          </timePeriod>
          <value>2066</value>
        </IntervalReading>
        <IntervalReading>
          <cost>199130</cost>
          <timePeriod>
            <duration>86400</duration>
            <start>1326182400</start>
          </timePeriod>
          <value>2066</value>
        </IntervalReading>
        <IntervalReading>
          <cost>298695</cost>
          <timePeriod>
            <duration>86400</duration>
            <start>1326268800</start>
          </timePeriod>
          <value>3099</value>
        </IntervalReading>
        <IntervalReading>
          <cost>298695</cost>
          <timePeriod>
            <duration>86400</duration>
            <start>1326355200</start>
          </timePeriod>
          <value>3099</value>
        </IntervalReading>
        <IntervalReading>
          <cost>298695</cost>
          <timePeriod>
            <duration>86400</duration>
            <start>1326441600</start>
          </timePeriod>
          <value>3099</value>
        </IntervalReading>
        <IntervalReading>
          <cost>298695</cost>
          <timePeriod>
            <duration>86400</duration>
            <start>1326528000</start>
          </timePeriod>
          <value>3099</value>
        </IntervalReading>
        <IntervalReading>
          <cost>398250</cost>
          <timePeriod>
            <duration>86400</duration>
            <start>1326614400</start>
          </timePeriod>
          <value>4132</value>
        </IntervalReading>
        <IntervalReading>
          <cost>497815</cost>
          <timePeriod>
            <duration>86400</duration>
            <start>1326700800</start>
          </timePeriod>
          <value>5165</value>
        </IntervalReading>
        <IntervalReading>
          <cost>520666</cost>
          <timePeriod>
            <duration>86400</duration>
            <start>1326787200</start>
          </timePeriod>
          <value>4132</value>
        </IntervalReading>
        <IntervalReading>
          <cost>650835</cost>
          <timePeriod>
            <duration>86400</duration>
            <start>1326873600</start>
          </timePeriod>
          <value>5165</value>
        </IntervalReading>
        <IntervalReading>
          <cost>260339</cost>
          <timePeriod>
            <duration>86400</duration>
            <start>1326960000</start>
          </timePeriod>
          <value>2066</value>
        </IntervalReading>
        <IntervalReading>
          <cost>390509</cost>
          <timePeriod>
            <duration>86400</duration>
            <start>1327046400</start>
          </timePeriod>
          <value>3099</value>
        </IntervalReading>
        <IntervalReading>
          <cost>260339</cost>
          <timePeriod>
            <duration>86400</duration>
            <start>1327132800</start>
          </timePeriod>
          <value>2066</value>
        </IntervalReading>
        <IntervalReading>
          <cost>520666</cost>
          <timePeriod>
            <duration>86400</duration>
            <start>1327219200</start>
          </timePeriod>
          <value>4132</value>
        </IntervalReading>
        <IntervalReading>
          <cost>260075</cost>
          <timePeriod>
            <duration>86400</duration>
            <start>1327305600</start>
          </timePeriod>
          <value>2064</value>
        </IntervalReading>
        <IntervalReading>
          <cost>260075</cost>
          <timePeriod>
            <duration>86400</duration>
            <start>1327392000</start>
          </timePeriod>
          <value>2064</value>
        </IntervalReading>
        <IntervalReading>
          <cost>390118</cost>
          <timePeriod>
            <duration>86400</duration>
            <start>1327478400</start>
          </timePeriod>
          <value>3096</value>
        </IntervalReading>
        <IntervalReading>
          <cost>130044</cost>
          <timePeriod>
            <duration>86400</duration>
            <start>1327564800</start>
          </timePeriod>
          <value>1032</value>
        </IntervalReading>
        <IntervalReading>
          <cost>198928</cost>
          <timePeriod>
            <duration>86400</duration>
            <start>1327651200</start>
          </timePeriod>
          <value>2064</value>
        </IntervalReading>
        <IntervalReading>
          <cost>298396</cost>
          <timePeriod>
            <duration>86400</duration>
            <start>1327737600</start>
          </timePeriod>
          <value>3096</value>
        </IntervalReading>
        <IntervalReading>
          <cost>298396</cost>
          <timePeriod>
            <duration>86400</duration>
            <start>1327824000</start>
          </timePeriod>
          <value>3096</value>
        </IntervalReading>
        <IntervalReading>
          <cost>298695</cost>
          <timePeriod>
            <duration>86400</duration>
            <start>1327910400</start>
          </timePeriod>
          <value>3099</value>
        </IntervalReading>
        <IntervalReading>
          <cost>199130</cost>
          <timePeriod>
            <duration>86400</duration>
            <start>1327996800</start>
          </timePeriod>
          <value>2066</value>
        </IntervalReading>
        <IntervalReading>
          <cost>310429</cost>
          <timePeriod>
            <duration>86400</duration>
            <start>1328083200</start>
          </timePeriod>
          <value>3099</value>
        </IntervalReading>
        <IntervalReading>
          <cost>206953</cost>
          <timePeriod>
            <duration>86400</duration>
            <start>1328169600</start>
          </timePeriod>
          <value>2066</value>
        </IntervalReading>
        <IntervalReading>
          <cost>310429</cost>
          <timePeriod>
            <duration>86400</duration>
            <start>1328256000</start>
          </timePeriod>
          <value>3099</value>
        </IntervalReading>
        <IntervalReading>
          <cost>310429</cost>
          <timePeriod>
            <duration>86400</duration>
            <start>1328342400</start>
          </timePeriod>
          <value>3099</value>
        </IntervalReading>
        <IntervalReading>
          <cost>206953</cost>
          <timePeriod>
            <duration>86400</duration>
            <start>1328428800</start>
          </timePeriod>
          <value>2066</value>
        </IntervalReading>
        <IntervalReading>
          <cost>206953</cost>
          <timePeriod>
            <duration>86400</duration>
            <start>1328515200</start>
          </timePeriod>
          <value>2066</value>
        </IntervalReading>
        <IntervalReading>
          <cost>310429</cost>
          <timePeriod>
            <duration>86400</duration>
            <start>1328601600</start>
          </timePeriod>
          <value>3099</value>
        </IntervalReading>
        <IntervalReading>
          <cost>103476</cost>
          <timePeriod>
            <duration>86400</duration>
            <start>1328688000</start>
          </timePeriod>
          <value>1033</value>
        </IntervalReading>
        <IntervalReading>
          <cost>206953</cost>
          <timePeriod>
            <duration>86400</duration>
            <start>1328774400</start>
          </timePeriod>
          <value>2066</value>
        </IntervalReading>
        <IntervalReading>
          <cost>206953</cost>
          <timePeriod>
            <duration>86400</duration>
            <start>1328860800</start>
          </timePeriod>
          <value>2066</value>
        </IntervalReading>
        <IntervalReading>
          <cost>206953</cost>
          <timePeriod>
            <duration>86400</duration>
            <start>1328947200</start>
          </timePeriod>
          <value>2066</value>
        </IntervalReading>
        <IntervalReading>
          <cost>310429</cost>
          <timePeriod>
            <duration>86400</duration>
            <start>1329033600</start>
          </timePeriod>
          <value>3099</value>
        </IntervalReading>
        <IntervalReading>
          <cost>310729</cost>
          <timePeriod>
            <duration>86400</duration>
            <start>1329120000</start>
          </timePeriod>
          <value>3102</value>
        </IntervalReading>
        <IntervalReading>
          <cost>207153</cost>
          <timePeriod>
            <duration>86400</duration>
            <start>1329206400</start>
          </timePeriod>
          <value>2068</value>
        </IntervalReading>
        <IntervalReading>
          <cost>310729</cost>
          <timePeriod>
            <duration>86400</duration>
            <start>1329292800</start>
          </timePeriod>
          <value>3102</value>
        </IntervalReading>
        <IntervalReading>
          <cost>310729</cost>
          <timePeriod>
            <duration>86400</duration>
            <start>1329379200</start>
          </timePeriod>
          <value>3102</value>
        </IntervalReading>
        <IntervalReading>
          <cost>207153</cost>
          <timePeriod>
            <duration>86400</duration>
            <start>1329465600</start>
          </timePeriod>
          <value>2068</value>
        </IntervalReading>
        <IntervalReading>
          <cost>207153</cost>
          <timePeriod>
            <duration>86400</duration>
            <start>1329552000</start>
          </timePeriod>
          <value>2068</value>
        </IntervalReading>
        <IntervalReading>
          <cost>402632</cost>
          <timePeriod>
            <duration>86400</duration>
            <start>1329638400</start>
          </timePeriod>
          <value>3102</value>
        </IntervalReading>
        <IntervalReading>
          <cost>268421</cost>
          <timePeriod>
            <duration>86400</duration>
            <start>1329724800</start>
          </timePeriod>
          <value>2068</value>
        </IntervalReading>
        <IntervalReading>
          <cost>403021</cost>
          <timePeriod>
            <duration>86400</duration>
            <start>1329811200</start>
          </timePeriod>
          <value>3105</value>
        </IntervalReading>
        <IntervalReading>
          <cost>268681</cost>
          <timePeriod>
            <duration>86400</duration>
            <start>1329897600</start>
          </timePeriod>
          <value>2070</value>
        </IntervalReading>
        <IntervalReading>
          <cost>268681</cost>
          <timePeriod>
            <duration>86400</duration>
            <start>1329984000</start>
          </timePeriod>
          <value>2070</value>
        </IntervalReading>
        <IntervalReading>
          <cost>268681</cost>
          <timePeriod>
            <duration>86400</duration>
            <start>1330070400</start>
          </timePeriod>
          <value>2070</value>
        </IntervalReading>
        <IntervalReading>
          <cost>268681</cost>
          <timePeriod>
            <duration>86400</duration>
            <start>1330156800</start>
          </timePeriod>
          <value>2070</value>
        </IntervalReading>
        <IntervalReading>
          <cost>671715</cost>
          <timePeriod>
            <duration>86400</duration>
            <start>1330243200</start>
          </timePeriod>
          <value>5176</value>
        </IntervalReading>
        <IntervalReading>
          <cost>402632</cost>
          <timePeriod>
            <duration>86400</duration>
            <start>1330329600</start>
          </timePeriod>
          <value>3102</value>
        </IntervalReading>
        <IntervalReading>
          <cost>414306</cost>
          <timePeriod>
            <duration>86400</duration>
            <start>1330416000</start>
          </timePeriod>
          <value>4136</value>
        </IntervalReading>
        <IntervalReading>
          <cost>207153</cost>
          <timePeriod>
            <duration>86400</duration>
            <start>1330502400</start>
          </timePeriod>
          <value>2068</value>
        </IntervalReading>
        <IntervalReading>
          <cost>270635</cost>
          <timePeriod>
            <duration>86400</duration>
            <start>1330588800</start>
          </timePeriod>
          <value>3102</value>
        </IntervalReading>
        <IntervalReading>
          <cost>180424</cost>
          <timePeriod>
            <duration>86400</duration>
            <start>1330675200</start>
          </timePeriod>
          <value>2068</value>
        </IntervalReading>
        <IntervalReading>
          <cost>270635</cost>
          <timePeriod>
            <duration>86400</duration>
            <start>1330761600</start>
          </timePeriod>
          <value>3102</value>
        </IntervalReading>
        <IntervalReading>
          <cost>180424</cost>
          <timePeriod>
            <duration>86400</duration>
            <start>1330848000</start>
          </timePeriod>
          <value>2068</value>
        </IntervalReading>
        <IntervalReading>
          <cost>180424</cost>
          <timePeriod>
            <duration>86400</duration>
            <start>1330934400</start>
          </timePeriod>
          <value>2068</value>
        </IntervalReading>
        <IntervalReading>
          <cost>270635</cost>
          <timePeriod>
            <duration>86400</duration>
            <start>1331020800</start>
          </timePeriod>
          <value>3102</value>
        </IntervalReading>
        <IntervalReading>
          <cost>270635</cost>
          <timePeriod>
            <duration>86400</duration>
            <start>1331107200</start>
          </timePeriod>
          <value>3102</value>
        </IntervalReading>
        <IntervalReading>
          <cost>270635</cost>
          <timePeriod>
            <duration>86400</duration>
            <start>1331193600</start>
          </timePeriod>
          <value>3102</value>
        </IntervalReading>
        <IntervalReading>
          <cost>270635</cost>
          <timePeriod>
            <duration>86400</duration>
            <start>1331280000</start>
          </timePeriod>
          <value>3102</value>
        </IntervalReading>
        <IntervalReading>
          <cost>180424</cost>
          <timePeriod>
            <duration>86400</duration>
            <start>1331366400</start>
          </timePeriod>
          <value>2068</value>
        </IntervalReading>
        <IntervalReading>
          <cost>270635</cost>
          <timePeriod>
            <duration>86400</duration>
            <start>1331452800</start>
          </timePeriod>
          <value>3102</value>
        </IntervalReading>
        <IntervalReading>
          <cost>270897</cost>
          <timePeriod>
            <duration>86400</duration>
            <start>1331535600</start>
          </timePeriod>
          <value>3105</value>
        </IntervalReading>
        <IntervalReading>
          <cost>180598</cost>
          <timePeriod>
            <duration>86400</duration>
            <start>1331622000</start>
          </timePeriod>
          <value>2070</value>
        </IntervalReading>
        <IntervalReading>
          <cost>90299</cost>
          <timePeriod>
            <duration>86400</duration>
            <start>1331708400</start>
          </timePeriod>
          <value>1035</value>
        </IntervalReading>
        <IntervalReading>
          <cost>180598</cost>
          <timePeriod>
            <duration>86400</duration>
            <start>1331794800</start>
          </timePeriod>
          <value>2070</value>
        </IntervalReading>
        <IntervalReading>
          <cost>180598</cost>
          <timePeriod>
            <duration>86400</duration>
            <start>1331881200</start>
          </timePeriod>
          <value>2070</value>
        </IntervalReading>
        <IntervalReading>
          <cost>361205</cost>
          <timePeriod>
            <duration>86400</duration>
            <start>1331967600</start>
          </timePeriod>
          <value>4141</value>
        </IntervalReading>
        <IntervalReading>
          <cost>361205</cost>
          <timePeriod>
            <duration>86400</duration>
            <start>1332054000</start>
          </timePeriod>
          <value>4141</value>
        </IntervalReading>
        <IntervalReading>
          <cost>363251</cost>
          <timePeriod>
            <duration>86400</duration>
            <start>1332140400</start>
          </timePeriod>
          <value>3108</value>
        </IntervalReading>
        <IntervalReading>
          <cost>242171</cost>
          <timePeriod>
            <duration>86400</duration>
            <start>1332226800</start>
          </timePeriod>
          <value>2072</value>
        </IntervalReading>
        <IntervalReading>
          <cost>242171</cost>
          <timePeriod>
            <duration>86400</duration>
            <start>1332313200</start>
          </timePeriod>
          <value>2072</value>
        </IntervalReading>
        <IntervalReading>
          <cost>121080</cost>
          <timePeriod>
            <duration>86400</duration>
            <start>1332399600</start>
          </timePeriod>
          <value>1036</value>
        </IntervalReading>
        <IntervalReading>
          <cost>363251</cost>
          <timePeriod>
            <duration>86400</duration>
            <start>1332486000</start>
          </timePeriod>
          <value>3108</value>
        </IntervalReading>
        <IntervalReading>
          <cost>363251</cost>
          <timePeriod>
            <duration>86400</duration>
            <start>1332572400</start>
          </timePeriod>
          <value>3108</value>
        </IntervalReading>
        <IntervalReading>
          <cost>363251</cost>
          <timePeriod>
            <duration>86400</duration>
            <start>1332658800</start>
          </timePeriod>
          <value>3108</value>
        </IntervalReading>
        <IntervalReading>
          <cost>242884</cost>
          <timePeriod>
            <duration>86400</duration>
            <start>1332745200</start>
          </timePeriod>
          <value>2078</value>
        </IntervalReading>
        <IntervalReading>
          <cost>242884</cost>
          <timePeriod>
            <duration>86400</duration>
            <start>1332831600</start>
          </timePeriod>
          <value>2078</value>
        </IntervalReading>
        <IntervalReading>
          <cost>181313</cost>
          <timePeriod>
            <duration>86400</duration>
            <start>1332918000</start>
          </timePeriod>
          <value>2078</value>
        </IntervalReading>
        <IntervalReading>
          <cost>181313</cost>
          <timePeriod>
            <duration>86400</duration>
            <start>1333004400</start>
          </timePeriod>
          <value>2078</value>
        </IntervalReading>
        <IntervalReading>
          <cost>90657</cost>
          <timePeriod>
            <duration>86400</duration>
            <start>1333090800</start>
          </timePeriod>
          <value>1039</value>
        </IntervalReading>
        <IntervalReading>
          <cost>181313</cost>
          <timePeriod>
            <duration>86400</duration>
            <start>1333177200</start>
          </timePeriod>
          <value>2078</value>
        </IntervalReading>
        <IntervalReading>
          <cost>274228</cost>
          <timePeriod>
            <duration>86400</duration>
            <start>1333263600</start>
          </timePeriod>
          <value>3118</value>
        </IntervalReading>
        <IntervalReading>
          <cost>182103</cost>
          <timePeriod>
            <duration>86400</duration>
            <start>1333350000</start>
          </timePeriod>
          <value>2070</value>
        </IntervalReading>
        <IntervalReading>
          <cost>182103</cost>
          <timePeriod>
            <duration>86400</duration>
            <start>1333436400</start>
          </timePeriod>
          <value>2070</value>
        </IntervalReading>
        <IntervalReading>
          <cost>273155</cost>
          <timePeriod>
            <duration>86400</duration>
            <start>1333522800</start>
          </timePeriod>
          <value>3105</value>
        </IntervalReading>
        <IntervalReading>
          <cost>364215</cost>
          <timePeriod>
            <duration>86400</duration>
            <start>1333609200</start>
          </timePeriod>
          <value>4141</value>
        </IntervalReading>
        <IntervalReading>
          <cost>364215</cost>
          <timePeriod>
            <duration>86400</duration>
            <start>1333695600</start>
          </timePeriod>
          <value>4141</value>
        </IntervalReading>
        <IntervalReading>
          <cost>369804</cost>
          <timePeriod>
            <duration>86400</duration>
            <start>1333782000</start>
          </timePeriod>
          <value>3105</value>
        </IntervalReading>
        <IntervalReading>
          <cost>246536</cost>
          <timePeriod>
            <duration>86400</duration>
            <start>1333868400</start>
          </timePeriod>
          <value>2070</value>
        </IntervalReading>
        <IntervalReading>
          <cost>246060</cost>
          <timePeriod>
            <duration>86400</duration>
            <start>1333954800</start>
          </timePeriod>
          <value>2066</value>
        </IntervalReading>
        <IntervalReading>
          <cost>123030</cost>
          <timePeriod>
            <duration>86400</duration>
            <start>1334041200</start>
          </timePeriod>
          <value>1033</value>
        </IntervalReading>
        <IntervalReading>
          <cost>123030</cost>
          <timePeriod>
            <duration>86400</duration>
            <start>1334127600</start>
          </timePeriod>
          <value>1033</value>
        </IntervalReading>
        <IntervalReading>
          <cost>0</cost>
          <timePeriod>
            <duration>86400</duration>
            <start>1334214000</start>
          </timePeriod>
          <value>0</value>
        </IntervalReading>
        <IntervalReading>
          <cost>0</cost>
          <timePeriod>
            <duration>86400</duration>
            <start>1334300400</start>
          </timePeriod>
          <value>0</value>
        </IntervalReading>
        <IntervalReading>
          <cost>123030</cost>
          <timePeriod>
            <duration>86400</duration>
            <start>1334386800</start>
          </timePeriod>
          <value>1033</value>
        </IntervalReading>
        <IntervalReading>
          <cost>246060</cost>
          <timePeriod>
            <duration>86400</duration>
            <start>1334473200</start>
          </timePeriod>
          <value>2066</value>
        </IntervalReading>
        <IntervalReading>
          <cost>123387</cost>
          <timePeriod>
            <duration>86400</duration>
            <start>1334559600</start>
          </timePeriod>
          <value>1036</value>
        </IntervalReading>
        <IntervalReading>
          <cost>123387</cost>
          <timePeriod>
            <duration>86400</duration>
            <start>1334646000</start>
          </timePeriod>
          <value>1036</value>
        </IntervalReading>
        <IntervalReading>
          <cost>246786</cost>
          <timePeriod>
            <duration>86400</duration>
            <start>1334732400</start>
          </timePeriod>
          <value>2072</value>
        </IntervalReading>
        <IntervalReading>
          <cost>123387</cost>
          <timePeriod>
            <duration>86400</duration>
            <start>1334818800</start>
          </timePeriod>
          <value>1036</value>
        </IntervalReading>
        <IntervalReading>
          <cost>246786</cost>
          <timePeriod>
            <duration>86400</duration>
            <start>1334905200</start>
          </timePeriod>
          <value>2072</value>
        </IntervalReading>
        <IntervalReading>
          <cost>123387</cost>
          <timePeriod>
            <duration>86400</duration>
            <start>1334991600</start>
          </timePeriod>
          <value>1036</value>
        </IntervalReading>
        <IntervalReading>
          <cost>246786</cost>
          <timePeriod>
            <duration>86400</duration>
            <start>1335078000</start>
          </timePeriod>
          <value>2072</value>
        </IntervalReading>
        <IntervalReading>
          <cost>247024</cost>
          <timePeriod>
            <duration>86400</duration>
            <start>1335164400</start>
          </timePeriod>
          <value>2074</value>
        </IntervalReading>
        <IntervalReading>
          <cost>123506</cost>
          <timePeriod>
            <duration>86400</duration>
            <start>1335250800</start>
          </timePeriod>
          <value>1037</value>
        </IntervalReading>
        <IntervalReading>
          <cost>123506</cost>
          <timePeriod>
            <duration>86400</duration>
            <start>1335337200</start>
          </timePeriod>
          <value>1037</value>
        </IntervalReading>
        <IntervalReading>
          <cost>123506</cost>
          <timePeriod>
            <duration>86400</duration>
            <start>1335423600</start>
          </timePeriod>
          <value>1037</value>
        </IntervalReading>
        <IntervalReading>
          <cost>182464</cost>
          <timePeriod>
            <duration>86400</duration>
            <start>1335510000</start>
          </timePeriod>
          <value>2074</value>
        </IntervalReading>
        <IntervalReading>
          <cost>182464</cost>
          <timePeriod>
            <duration>86400</duration>
            <start>1335596400</start>
          </timePeriod>
          <value>2074</value>
        </IntervalReading>
        <IntervalReading>
          <cost>91227</cost>
          <timePeriod>
            <duration>86400</duration>
            <start>1335682800</start>
          </timePeriod>
          <value>1037</value>
        </IntervalReading>
        <IntervalReading>
          <cost>182640</cost>
          <timePeriod>
            <duration>86400</duration>
            <start>1335769200</start>
          </timePeriod>
          <value>2076</value>
        </IntervalReading>
        <IntervalReading>
          <cost>94045</cost>
          <timePeriod>
            <duration>86400</duration>
            <start>1335855600</start>
          </timePeriod>
          <value>1038</value>
        </IntervalReading>
        <IntervalReading>
          <cost>94045</cost>
          <timePeriod>
            <duration>86400</duration>
            <start>1335942000</start>
          </timePeriod>
          <value>1038</value>
        </IntervalReading>
        <IntervalReading>
          <cost>188082</cost>
          <timePeriod>
            <duration>86400</duration>
            <start>1336028400</start>
          </timePeriod>
          <value>2076</value>
        </IntervalReading>
        <IntervalReading>
          <cost>94045</cost>
          <timePeriod>
            <duration>86400</duration>
            <start>1336114800</start>
          </timePeriod>
          <value>1038</value>
        </IntervalReading>
        <IntervalReading>
          <cost>188082</cost>
          <timePeriod>
            <duration>86400</duration>
            <start>1336201200</start>
          </timePeriod>
          <value>2076</value>
        </IntervalReading>
        <IntervalReading>
          <cost>188082</cost>
          <timePeriod>
            <duration>86400</duration>
            <start>1336287600</start>
          </timePeriod>
          <value>2076</value>
        </IntervalReading>
        <IntervalReading>
          <cost>93765</cost>
          <timePeriod>
            <duration>86400</duration>
            <start>1336374000</start>
          </timePeriod>
          <value>1035</value>
        </IntervalReading>
        <IntervalReading>
          <cost>93765</cost>
          <timePeriod>
            <duration>86400</duration>
            <start>1336460400</start>
          </timePeriod>
          <value>1035</value>
        </IntervalReading>
        <IntervalReading>
          <cost>93765</cost>
          <timePeriod>
            <duration>86400</duration>
            <start>1336546800</start>
          </timePeriod>
          <value>1035</value>
        </IntervalReading>
        <IntervalReading>
          <cost>125981</cost>
          <timePeriod>
            <duration>86400</duration>
            <start>1336633200</start>
          </timePeriod>
          <value>1035</value>
        </IntervalReading>
        <IntervalReading>
          <cost>251962</cost>
          <timePeriod>
            <duration>86400</duration>
            <start>1336719600</start>
          </timePeriod>
          <value>2070</value>
        </IntervalReading>
        <IntervalReading>
          <cost>251962</cost>
          <timePeriod>
            <duration>86400</duration>
            <start>1336806000</start>
          </timePeriod>
          <value>2070</value>
        </IntervalReading>
        <IntervalReading>
          <cost>125981</cost>
          <timePeriod>
            <duration>86400</duration>
            <start>1336892400</start>
          </timePeriod>
          <value>1035</value>
        </IntervalReading>
        <IntervalReading>
          <cost>125738</cost>
          <timePeriod>
            <duration>86400</duration>
            <start>1336978800</start>
          </timePeriod>
          <value>1033</value>
        </IntervalReading>
        <IntervalReading>
          <cost>251475</cost>
          <timePeriod>
            <duration>86400</duration>
            <start>1337065200</start>
          </timePeriod>
          <value>2066</value>
        </IntervalReading>
        <IntervalReading>
          <cost>0</cost>
          <timePeriod>
            <duration>86400</duration>
            <start>1337151600</start>
          </timePeriod>
          <value>0</value>
        </IntervalReading>
        <IntervalReading>
          <cost>251475</cost>
          <timePeriod>
            <duration>86400</duration>
            <start>1337238000</start>
          </timePeriod>
          <value>2066</value>
        </IntervalReading>
        <IntervalReading>
          <cost>251475</cost>
          <timePeriod>
            <duration>86400</duration>
            <start>1337324400</start>
          </timePeriod>
          <value>2066</value>
        </IntervalReading>
        <IntervalReading>
          <cost>125738</cost>
          <timePeriod>
            <duration>86400</duration>
            <start>1337410800</start>
          </timePeriod>
          <value>1033</value>
        </IntervalReading>
        <IntervalReading>
          <cost>251475</cost>
          <timePeriod>
            <duration>86400</duration>
            <start>1337497200</start>
          </timePeriod>
          <value>2066</value>
        </IntervalReading>
        <IntervalReading>
          <cost>0</cost>
          <timePeriod>
            <duration>86400</duration>
            <start>1337583600</start>
          </timePeriod>
          <value>0</value>
        </IntervalReading>
        <IntervalReading>
          <cost>251220</cost>
          <timePeriod>
            <duration>86400</duration>
            <start>1337670000</start>
          </timePeriod>
          <value>2064</value>
        </IntervalReading>
        <IntervalReading>
          <cost>125616</cost>
          <timePeriod>
            <duration>86400</duration>
            <start>1337756400</start>
          </timePeriod>
          <value>1032</value>
        </IntervalReading>
        <IntervalReading>
          <cost>125616</cost>
          <timePeriod>
            <duration>86400</duration>
            <start>1337842800</start>
          </timePeriod>
          <value>1032</value>
        </IntervalReading>
        <IntervalReading>
          <cost>125616</cost>
          <timePeriod>
            <duration>86400</duration>
            <start>1337929200</start>
          </timePeriod>
          <value>1032</value>
        </IntervalReading>
        <IntervalReading>
          <cost>186976</cost>
          <timePeriod>
            <duration>86400</duration>
            <start>1338015600</start>
          </timePeriod>
          <value>2064</value>
        </IntervalReading>
        <IntervalReading>
          <cost>93493</cost>
          <timePeriod>
            <duration>86400</duration>
            <start>1338102000</start>
          </timePeriod>
          <value>1032</value>
        </IntervalReading>
        <IntervalReading>
          <cost>93493</cost>
          <timePeriod>
            <duration>86400</duration>
            <start>1338188400</start>
          </timePeriod>
          <value>1032</value>
        </IntervalReading>
        <IntervalReading>
          <cost>187167</cost>
          <timePeriod>
            <duration>86400</duration>
            <start>1338274800</start>
          </timePeriod>
          <value>2066</value>
        </IntervalReading>
        <IntervalReading>
          <cost>93583</cost>
          <timePeriod>
            <duration>86400</duration>
            <start>1338361200</start>
          </timePeriod>
          <value>1033</value>
        </IntervalReading>
        <IntervalReading>
          <cost>93583</cost>
          <timePeriod>
            <duration>86400</duration>
            <start>1338447600</start>
          </timePeriod>
          <value>1033</value>
        </IntervalReading>
        <IntervalReading>
          <cost>105788</cost>
          <timePeriod>
            <duration>86400</duration>
            <start>1338534000</start>
          </timePeriod>
          <value>1033</value>
        </IntervalReading>
        <IntervalReading>
          <cost>105788</cost>
          <timePeriod>
            <duration>86400</duration>
            <start>1338620400</start>
          </timePeriod>
          <value>1033</value>
        </IntervalReading>
        <IntervalReading>
          <cost>105788</cost>
          <timePeriod>
            <duration>86400</duration>
            <start>1338706800</start>
          </timePeriod>
          <value>1033</value>
        </IntervalReading>
        <IntervalReading>
          <cost>212406</cost>
          <timePeriod>
            <duration>86400</duration>
            <start>1338793200</start>
          </timePeriod>
          <value>2074</value>
        </IntervalReading>
        <IntervalReading>
          <cost>106198</cost>
          <timePeriod>
            <duration>86400</duration>
            <start>1338879600</start>
          </timePeriod>
          <value>1037</value>
        </IntervalReading>
        <IntervalReading>
          <cost>106198</cost>
          <timePeriod>
            <duration>86400</duration>
            <start>1338966000</start>
          </timePeriod>
          <value>1037</value>
        </IntervalReading>
        <IntervalReading>
          <cost>212406</cost>
          <timePeriod>
            <duration>86400</duration>
            <start>1339052400</start>
          </timePeriod>
          <value>2074</value>
        </IntervalReading>
        <IntervalReading>
          <cost>106198</cost>
          <timePeriod>
            <duration>86400</duration>
            <start>1339138800</start>
          </timePeriod>
          <value>1037</value>
        </IntervalReading>
        <IntervalReading>
          <cost>212406</cost>
          <timePeriod>
            <duration>86400</duration>
            <start>1339225200</start>
          </timePeriod>
          <value>2074</value>
        </IntervalReading>
        <IntervalReading>
          <cost>106198</cost>
          <timePeriod>
            <duration>86400</duration>
            <start>1339311600</start>
          </timePeriod>
          <value>1037</value>
        </IntervalReading>
        <IntervalReading>
          <cost>277234</cost>
          <timePeriod>
            <duration>86400</duration>
            <start>1339398000</start>
          </timePeriod>
          <value>2076</value>
        </IntervalReading>
        <IntervalReading>
          <cost>138624</cost>
          <timePeriod>
            <duration>86400</duration>
            <start>1339484400</start>
          </timePeriod>
          <value>1038</value>
        </IntervalReading>
        <IntervalReading>
          <cost>138624</cost>
          <timePeriod>
            <duration>86400</duration>
            <start>1339570800</start>
          </timePeriod>
          <value>1038</value>
        </IntervalReading>
        <IntervalReading>
          <cost>277234</cost>
          <timePeriod>
            <duration>86400</duration>
            <start>1339657200</start>
          </timePeriod>
          <value>2076</value>
        </IntervalReading>
        <IntervalReading>
          <cost>138624</cost>
          <timePeriod>
            <duration>86400</duration>
            <start>1339743600</start>
          </timePeriod>
          <value>1038</value>
        </IntervalReading>
        <IntervalReading>
          <cost>277234</cost>
          <timePeriod>
            <duration>86400</duration>
            <start>1339830000</start>
          </timePeriod>
          <value>2076</value>
        </IntervalReading>
        <IntervalReading>
          <cost>138624</cost>
          <timePeriod>
            <duration>86400</duration>
            <start>1339916400</start>
          </timePeriod>
          <value>1038</value>
        </IntervalReading>
        <IntervalReading>
          <cost>280211</cost>
          <timePeriod>
            <duration>86400</duration>
            <start>1340002800</start>
          </timePeriod>
          <value>2099</value>
        </IntervalReading>
        <IntervalReading>
          <cost>140106</cost>
          <timePeriod>
            <duration>86400</duration>
            <start>1340089200</start>
          </timePeriod>
          <value>1049</value>
        </IntervalReading>
        <IntervalReading>
          <cost>140106</cost>
          <timePeriod>
            <duration>86400</duration>
            <start>1340175600</start>
          </timePeriod>
          <value>1049</value>
        </IntervalReading>
        <IntervalReading>
          <cost>280211</cost>
          <timePeriod>
            <duration>86400</duration>
            <start>1340262000</start>
          </timePeriod>
          <value>2099</value>
        </IntervalReading>
        <IntervalReading>
          <cost>140106</cost>
          <timePeriod>
            <duration>86400</duration>
            <start>1340348400</start>
          </timePeriod>
          <value>1049</value>
        </IntervalReading>
        <IntervalReading>
          <cost>280211</cost>
          <timePeriod>
            <duration>86400</duration>
            <start>1340434800</start>
          </timePeriod>
          <value>2099</value>
        </IntervalReading>
        <IntervalReading>
          <cost>140106</cost>
          <timePeriod>
            <duration>86400</duration>
            <start>1340521200</start>
          </timePeriod>
          <value>1049</value>
        </IntervalReading>
        <IntervalReading>
          <cost>280211</cost>
          <timePeriod>
            <duration>86400</duration>
            <start>1340607600</start>
          </timePeriod>
          <value>2099</value>
        </IntervalReading>
        <IntervalReading>
          <cost>140106</cost>
          <timePeriod>
            <duration>86400</duration>
            <start>1340694000</start>
          </timePeriod>
          <value>1049</value>
        </IntervalReading>
        <IntervalReading>
          <cost>214895</cost>
          <timePeriod>
            <duration>86400</duration>
            <start>1340780400</start>
          </timePeriod>
          <value>2099</value>
        </IntervalReading>
        <IntervalReading>
          <cost>107447</cost>
          <timePeriod>
            <duration>86400</duration>
            <start>1340866800</start>
          </timePeriod>
          <value>1049</value>
        </IntervalReading>
        <IntervalReading>
          <cost>107447</cost>
          <timePeriod>
            <duration>86400</duration>
            <start>1340953200</start>
          </timePeriod>
          <value>1049</value>
        </IntervalReading>
        <IntervalReading>
          <cost>214895</cost>
          <timePeriod>
            <duration>86400</duration>
            <start>1341039600</start>
          </timePeriod>
          <value>2099</value>
        </IntervalReading>
        <IntervalReading>
          <cost>214895</cost>
          <timePeriod>
            <duration>86400</duration>
            <start>1341126000</start>
          </timePeriod>
          <value>2099</value>
        </IntervalReading>
        <IntervalReading>
          <cost>107447</cost>
          <timePeriod>
            <duration>86400</duration>
            <start>1341212400</start>
          </timePeriod>
          <value>1049</value>
        </IntervalReading>
        <IntervalReading>
          <cost>214895</cost>
          <timePeriod>
            <duration>86400</duration>
            <start>1341298800</start>
          </timePeriod>
          <value>2099</value>
        </IntervalReading>
        <IntervalReading>
          <cost>214895</cost>
          <timePeriod>
            <duration>86400</duration>
            <start>1341385200</start>
          </timePeriod>
          <value>2099</value>
        </IntervalReading>
        <IntervalReading>
          <cost>107447</cost>
          <timePeriod>
            <duration>86400</duration>
            <start>1341471600</start>
          </timePeriod>
          <value>1049</value>
        </IntervalReading>
        <IntervalReading>
          <cost>107447</cost>
          <timePeriod>
            <duration>86400</duration>
            <start>1341558000</start>
          </timePeriod>
          <value>1049</value>
        </IntervalReading>
        <IntervalReading>
          <cost>0</cost>
          <timePeriod>
            <duration>86400</duration>
            <start>1341644400</start>
          </timePeriod>
          <value>0</value>
        </IntervalReading>
        <IntervalReading>
          <cost>107447</cost>
          <timePeriod>
            <duration>86400</duration>
            <start>1341730800</start>
          </timePeriod>
          <value>1049</value>
        </IntervalReading>
        <IntervalReading>
          <cost>213236</cost>
          <timePeriod>
            <duration>86400</duration>
            <start>1341817200</start>
          </timePeriod>
          <value>2082</value>
        </IntervalReading>
        <IntervalReading>
          <cost>106618</cost>
          <timePeriod>
            <duration>86400</duration>
            <start>1341903600</start>
          </timePeriod>
          <value>1041</value>
        </IntervalReading>
        <IntervalReading>
          <cost>278048</cost>
          <timePeriod>
            <duration>86400</duration>
            <start>1341990000</start>
          </timePeriod>
          <value>2082</value>
        </IntervalReading>
        <IntervalReading>
          <cost>139024</cost>
          <timePeriod>
            <duration>86400</duration>
            <start>1342076400</start>
          </timePeriod>
          <value>1041</value>
        </IntervalReading>
        <IntervalReading>
          <cost>139024</cost>
          <timePeriod>
            <duration>86400</duration>
            <start>1342162800</start>
          </timePeriod>
          <value>1041</value>
        </IntervalReading>
        <IntervalReading>
          <cost>139024</cost>
          <timePeriod>
            <duration>86400</duration>
            <start>1342249200</start>
          </timePeriod>
          <value>1041</value>
        </IntervalReading>
        <IntervalReading>
          <cost>278048</cost>
          <timePeriod>
            <duration>86400</duration>
            <start>1342335600</start>
          </timePeriod>
          <value>2082</value>
        </IntervalReading>
        <IntervalReading>
          <cost>278048</cost>
          <timePeriod>
            <duration>86400</duration>
            <start>1342422000</start>
          </timePeriod>
          <value>2082</value>
        </IntervalReading>
        <IntervalReading>
          <cost>139024</cost>
          <timePeriod>
            <duration>86400</duration>
            <start>1342508400</start>
          </timePeriod>
          <value>1041</value>
        </IntervalReading>
        <IntervalReading>
          <cost>139024</cost>
          <timePeriod>
            <duration>86400</duration>
            <start>1342594800</start>
          </timePeriod>
          <value>1041</value>
        </IntervalReading>
        <IntervalReading>
          <cost>139024</cost>
          <timePeriod>
            <duration>86400</duration>
            <start>1342681200</start>
          </timePeriod>
          <value>1041</value>
        </IntervalReading>
        <IntervalReading>
          <cost>278048</cost>
          <timePeriod>
            <duration>86400</duration>
            <start>1342767600</start>
          </timePeriod>
          <value>2082</value>
        </IntervalReading>
        <IntervalReading>
          <cost>139024</cost>
          <timePeriod>
            <duration>86400</duration>
            <start>1342854000</start>
          </timePeriod>
          <value>1041</value>
        </IntervalReading>
        <IntervalReading>
          <cost>278048</cost>
          <timePeriod>
            <duration>86400</duration>
            <start>1342940400</start>
          </timePeriod>
          <value>2082</value>
        </IntervalReading>
        <IntervalReading>
          <cost>138343</cost>
          <timePeriod>
            <duration>86400</duration>
            <start>1343026800</start>
          </timePeriod>
          <value>1036</value>
        </IntervalReading>
        <IntervalReading>
          <cost>138343</cost>
          <timePeriod>
            <duration>86400</duration>
            <start>1343113200</start>
          </timePeriod>
          <value>1036</value>
        </IntervalReading>
        <IntervalReading>
          <cost>138343</cost>
          <timePeriod>
            <duration>86400</duration>
            <start>1343199600</start>
          </timePeriod>
          <value>1036</value>
        </IntervalReading>
        <IntervalReading>
          <cost>138343</cost>
          <timePeriod>
            <duration>86400</duration>
            <start>1343286000</start>
          </timePeriod>
          <value>1036</value>
        </IntervalReading>
        <IntervalReading>
          <cost>212201</cost>
          <timePeriod>
            <duration>86400</duration>
            <start>1343372400</start>
          </timePeriod>
          <value>2072</value>
        </IntervalReading>
        <IntervalReading>
          <cost>212201</cost>
          <timePeriod>
            <duration>86400</duration>
            <start>1343458800</start>
          </timePeriod>
          <value>2072</value>
        </IntervalReading>
        <IntervalReading>
          <cost>106096</cost>
          <timePeriod>
            <duration>86400</duration>
            <start>1343545200</start>
          </timePeriod>
          <value>1036</value>
        </IntervalReading>
        <IntervalReading>
          <cost>106413</cost>
          <timePeriod>
            <duration>86400</duration>
            <start>1343631600</start>
          </timePeriod>
          <value>1039</value>
        </IntervalReading>
        <IntervalReading>
          <cost>212826</cost>
          <timePeriod>
            <duration>86400</duration>
            <start>1343718000</start>
          </timePeriod>
          <value>2078</value>
        </IntervalReading>
        <IntervalReading>
          <cost>108900</cost>
          <timePeriod>
            <duration>86400</duration>
            <start>1343804400</start>
          </timePeriod>
          <value>1039</value>
        </IntervalReading>
        <IntervalReading>
          <cost>217800</cost>
          <timePeriod>
            <duration>86400</duration>
            <start>1343890800</start>
          </timePeriod>
          <value>2078</value>
        </IntervalReading>
        <IntervalReading>
          <cost>0</cost>
          <timePeriod>
            <duration>86400</duration>
            <start>1343977200</start>
          </timePeriod>
          <value>0</value>
        </IntervalReading>
        <IntervalReading>
          <cost>217800</cost>
          <timePeriod>
            <duration>86400</duration>
            <start>1344063600</start>
          </timePeriod>
          <value>2078</value>
        </IntervalReading>
        <IntervalReading>
          <cost>217800</cost>
          <timePeriod>
            <duration>86400</duration>
            <start>1344150000</start>
          </timePeriod>
          <value>2078</value>
        </IntervalReading>
        <IntervalReading>
          <cost>108575</cost>
          <timePeriod>
            <duration>86400</duration>
            <start>1344236400</start>
          </timePeriod>
          <value>1036</value>
        </IntervalReading>
        <IntervalReading>
          <cost>108575</cost>
          <timePeriod>
            <duration>86400</duration>
            <start>1344322800</start>
          </timePeriod>
          <value>1036</value>
        </IntervalReading>
        <IntervalReading>
          <cost>108575</cost>
          <timePeriod>
            <duration>86400</duration>
            <start>1344409200</start>
          </timePeriod>
          <value>1036</value>
        </IntervalReading>
        <IntervalReading>
          <cost>0</cost>
          <timePeriod>
            <duration>86400</duration>
            <start>1344495600</start>
          </timePeriod>
          <value>0</value>
        </IntervalReading>
        <IntervalReading>
          <cost>108575</cost>
          <timePeriod>
            <duration>86400</duration>
            <start>1344582000</start>
          </timePeriod>
          <value>1036</value>
        </IntervalReading>
        <IntervalReading>
          <cost>140823</cost>
          <timePeriod>
            <duration>86400</duration>
            <start>1344668400</start>
          </timePeriod>
          <value>1036</value>
        </IntervalReading>
        <IntervalReading>
          <cost>140823</cost>
          <timePeriod>
            <duration>86400</duration>
            <start>1344754800</start>
          </timePeriod>
          <value>1036</value>
        </IntervalReading>
        <IntervalReading>
          <cost>141108</cost>
          <timePeriod>
            <duration>86400</duration>
            <start>1344841200</start>
          </timePeriod>
          <value>1038</value>
        </IntervalReading>
        <IntervalReading>
          <cost>141108</cost>
          <timePeriod>
            <duration>86400</duration>
            <start>1344927600</start>
          </timePeriod>
          <value>1038</value>
        </IntervalReading>
        <IntervalReading>
          <cost>141108</cost>
          <timePeriod>
            <duration>86400</duration>
            <start>1345014000</start>
          </timePeriod>
          <value>1038</value>
        </IntervalReading>
        <IntervalReading>
          <cost>141108</cost>
          <timePeriod>
            <duration>86400</duration>
            <start>1345100400</start>
          </timePeriod>
          <value>1038</value>
        </IntervalReading>
        <IntervalReading>
          <cost>141108</cost>
          <timePeriod>
            <duration>86400</duration>
            <start>1345186800</start>
          </timePeriod>
          <value>1038</value>
        </IntervalReading>
        <IntervalReading>
          <cost>141108</cost>
          <timePeriod>
            <duration>86400</duration>
            <start>1345273200</start>
          </timePeriod>
          <value>1038</value>
        </IntervalReading>
        <IntervalReading>
          <cost>141108</cost>
          <timePeriod>
            <duration>86400</duration>
            <start>1345359600</start>
          </timePeriod>
          <value>1038</value>
        </IntervalReading>
        <IntervalReading>
          <cost>141516</cost>
          <timePeriod>
            <duration>86400</duration>
            <start>1345446000</start>
          </timePeriod>
          <value>1041</value>
        </IntervalReading>
        <IntervalReading>
          <cost>141516</cost>
          <timePeriod>
            <duration>86400</duration>
            <start>1345532400</start>
          </timePeriod>
          <value>1041</value>
        </IntervalReading>
        <IntervalReading>
          <cost>141516</cost>
          <timePeriod>
            <duration>86400</duration>
            <start>1345618800</start>
          </timePeriod>
          <value>1041</value>
        </IntervalReading>
        <IntervalReading>
          <cost>141516</cost>
          <timePeriod>
            <duration>86400</duration>
            <start>1345705200</start>
          </timePeriod>
          <value>1041</value>
        </IntervalReading>
        <IntervalReading>
          <cost>141516</cost>
          <timePeriod>
            <duration>86400</duration>
            <start>1345791600</start>
          </timePeriod>
          <value>1041</value>
        </IntervalReading>
        <IntervalReading>
          <cost>218219</cost>
          <timePeriod>
            <duration>86400</duration>
            <start>1345878000</start>
          </timePeriod>
          <value>2082</value>
        </IntervalReading>
        <IntervalReading>
          <cost>0</cost>
          <timePeriod>
            <duration>86400</duration>
            <start>1345964400</start>
          </timePeriod>
          <value>0</value>
        </IntervalReading>
        <IntervalReading>
          <cost>217800</cost>
          <timePeriod>
            <duration>86400</duration>
            <start>1346050800</start>
          </timePeriod>
          <value>2078</value>
        </IntervalReading>
        <IntervalReading>
          <cost>108900</cost>
          <timePeriod>
            <duration>86400</duration>
            <start>1346137200</start>
          </timePeriod>
          <value>1039</value>
        </IntervalReading>
        <IntervalReading>
          <cost>217800</cost>
          <timePeriod>
            <duration>86400</duration>
            <start>1346223600</start>
          </timePeriod>
          <value>2078</value>
        </IntervalReading>
        <IntervalReading>
          <cost>108900</cost>
          <timePeriod>
            <duration>86400</duration>
            <start>1346310000</start>
          </timePeriod>
          <value>1039</value>
        </IntervalReading>
        <IntervalReading>
          <cost>108900</cost>
          <timePeriod>
            <duration>86400</duration>
            <start>1346396400</start>
          </timePeriod>
          <value>1039</value>
        </IntervalReading>
        <IntervalReading>
          <cost>103913</cost>
          <timePeriod>
            <duration>86400</duration>
            <start>1346482800</start>
          </timePeriod>
          <value>1039</value>
        </IntervalReading>
        <IntervalReading>
          <cost>0</cost>
          <timePeriod>
            <duration>86400</duration>
            <start>1346569200</start>
          </timePeriod>
          <value>0</value>
        </IntervalReading>
        <IntervalReading>
          <cost>103913</cost>
          <timePeriod>
            <duration>86400</duration>
            <start>1346655600</start>
          </timePeriod>
          <value>1039</value>
        </IntervalReading>
        <IntervalReading>
          <cost>103813</cost>
          <timePeriod>
            <duration>86400</duration>
            <start>1346742000</start>
          </timePeriod>
          <value>1038</value>
        </IntervalReading>
        <IntervalReading>
          <cost>103813</cost>
          <timePeriod>
            <duration>86400</duration>
            <start>1346828400</start>
          </timePeriod>
          <value>1038</value>
        </IntervalReading>
        <IntervalReading>
          <cost>207615</cost>
          <timePeriod>
            <duration>86400</duration>
            <start>1346914800</start>
          </timePeriod>
          <value>2076</value>
        </IntervalReading>
        <IntervalReading>
          <cost>103813</cost>
          <timePeriod>
            <duration>86400</duration>
            <start>1347001200</start>
          </timePeriod>
          <value>1038</value>
        </IntervalReading>
        <IntervalReading>
          <cost>207615</cost>
          <timePeriod>
            <duration>86400</duration>
            <start>1347087600</start>
          </timePeriod>
          <value>2076</value>
        </IntervalReading>
        <IntervalReading>
          <cost>103813</cost>
          <timePeriod>
            <duration>86400</duration>
            <start>1347174000</start>
          </timePeriod>
          <value>1038</value>
        </IntervalReading>
        <IntervalReading>
          <cost>103813</cost>
          <timePeriod>
            <duration>86400</duration>
            <start>1347260400</start>
          </timePeriod>
          <value>1038</value>
        </IntervalReading>
        <IntervalReading>
          <cost>103813</cost>
          <timePeriod>
            <duration>86400</duration>
            <start>1347346800</start>
          </timePeriod>
          <value>1038</value>
        </IntervalReading>
        <IntervalReading>
          <cost>136126</cost>
          <timePeriod>
            <duration>86400</duration>
            <start>1347433200</start>
          </timePeriod>
          <value>1038</value>
        </IntervalReading>
        <IntervalReading>
          <cost>0</cost>
          <timePeriod>
            <duration>86400</duration>
            <start>1347519600</start>
          </timePeriod>
          <value>0</value>
        </IntervalReading>
        <IntervalReading>
          <cost>272238</cost>
          <timePeriod>
            <duration>86400</duration>
            <start>1347606000</start>
          </timePeriod>
          <value>2076</value>
        </IntervalReading>
        <IntervalReading>
          <cost>136126</cost>
          <timePeriod>
            <duration>86400</duration>
            <start>1347692400</start>
          </timePeriod>
          <value>1038</value>
        </IntervalReading>
        <IntervalReading>
          <cost>136126</cost>
          <timePeriod>
            <duration>86400</duration>
            <start>1347778800</start>
          </timePeriod>
          <value>1038</value>
        </IntervalReading>
        <IntervalReading>
          <cost>135981</cost>
          <timePeriod>
            <duration>86400</duration>
            <start>1347865200</start>
          </timePeriod>
          <value>1037</value>
        </IntervalReading>
        <IntervalReading>
          <cost>135981</cost>
          <timePeriod>
            <duration>86400</duration>
            <start>1347951600</start>
          </timePeriod>
          <value>1037</value>
        </IntervalReading>
        <IntervalReading>
          <cost>271976</cost>
          <timePeriod>
            <duration>86400</duration>
            <start>1348038000</start>
          </timePeriod>
          <value>2074</value>
        </IntervalReading>
        <IntervalReading>
          <cost>0</cost>
          <timePeriod>
            <duration>86400</duration>
            <start>1348124400</start>
          </timePeriod>
          <value>0</value>
        </IntervalReading>
        <IntervalReading>
          <cost>271976</cost>
          <timePeriod>
            <duration>86400</duration>
            <start>1348210800</start>
          </timePeriod>
          <value>2074</value>
        </IntervalReading>
        <IntervalReading>
          <cost>135981</cost>
          <timePeriod>
            <duration>86400</duration>
            <start>1348297200</start>
          </timePeriod>
          <value>1037</value>
        </IntervalReading>
        <IntervalReading>
          <cost>135981</cost>
          <timePeriod>
            <duration>86400</duration>
            <start>1348383600</start>
          </timePeriod>
          <value>1037</value>
        </IntervalReading>
        <IntervalReading>
          <cost>271438</cost>
          <timePeriod>
            <duration>86400</duration>
            <start>1348470000</start>
          </timePeriod>
          <value>2070</value>
        </IntervalReading>
        <IntervalReading>
          <cost>135719</cost>
          <timePeriod>
            <duration>86400</duration>
            <start>1348556400</start>
          </timePeriod>
          <value>1035</value>
        </IntervalReading>
        <IntervalReading>
          <cost>207006</cost>
          <timePeriod>
            <duration>86400</duration>
            <start>1348642800</start>
          </timePeriod>
          <value>2070</value>
        </IntervalReading>
        <IntervalReading>
          <cost>103503</cost>
          <timePeriod>
            <duration>86400</duration>
            <start>1348729200</start>
          </timePeriod>
          <value>1035</value>
        </IntervalReading>
        <IntervalReading>
          <cost>207006</cost>
          <timePeriod>
            <duration>86400</duration>
            <start>1348815600</start>
          </timePeriod>
          <value>2070</value>
        </IntervalReading>
        <IntervalReading>
          <cost>103503</cost>
          <timePeriod>
            <duration>86400</duration>
            <start>1348902000</start>
          </timePeriod>
          <value>1035</value>
        </IntervalReading>
        <IntervalReading>
          <cost>207006</cost>
          <timePeriod>
            <duration>86400</duration>
            <start>1348988400</start>
          </timePeriod>
          <value>2070</value>
        </IntervalReading>
        <IntervalReading>
          <cost>0</cost>
          <timePeriod>
            <duration>86400</duration>
            <start>1349074800</start>
          </timePeriod>
          <value>0</value>
        </IntervalReading>
        <IntervalReading>
          <cost>207415</cost>
          <timePeriod>
            <duration>86400</duration>
            <start>1349161200</start>
          </timePeriod>
          <value>2074</value>
        </IntervalReading>
        <IntervalReading>
          <cost>103703</cost>
          <timePeriod>
            <duration>86400</duration>
            <start>1349247600</start>
          </timePeriod>
          <value>1037</value>
        </IntervalReading>
        <IntervalReading>
          <cost>103703</cost>
          <timePeriod>
            <duration>86400</duration>
            <start>1349334000</start>
          </timePeriod>
          <value>1037</value>
        </IntervalReading>
        <IntervalReading>
          <cost>103703</cost>
          <timePeriod>
            <duration>86400</duration>
            <start>1349420400</start>
          </timePeriod>
          <value>1037</value>
        </IntervalReading>
        <IntervalReading>
          <cost>0</cost>
          <timePeriod>
            <duration>86400</duration>
            <start>1349506800</start>
          </timePeriod>
          <value>0</value>
        </IntervalReading>
        <IntervalReading>
          <cost>103703</cost>
          <timePeriod>
            <duration>86400</duration>
            <start>1349593200</start>
          </timePeriod>
          <value>1037</value>
        </IntervalReading>
        <IntervalReading>
          <cost>103603</cost>
          <timePeriod>
            <duration>86400</duration>
            <start>1349679600</start>
          </timePeriod>
          <value>1036</value>
        </IntervalReading>
        <IntervalReading>
          <cost>103603</cost>
          <timePeriod>
            <duration>86400</duration>
            <start>1349766000</start>
          </timePeriod>
          <value>1036</value>
        </IntervalReading>
        <IntervalReading>
          <cost>0</cost>
          <timePeriod>
            <duration>86400</duration>
            <start>1349852400</start>
          </timePeriod>
          <value>0</value>
        </IntervalReading>
        <IntervalReading>
          <cost>103603</cost>
          <timePeriod>
            <duration>86400</duration>
            <start>1349938800</start>
          </timePeriod>
          <value>1036</value>
        </IntervalReading>
        <IntervalReading>
          <cost>103603</cost>
          <timePeriod>
            <duration>86400</duration>
            <start>1350025200</start>
          </timePeriod>
          <value>1036</value>
        </IntervalReading>
        <IntervalReading>
          <cost>0</cost>
          <timePeriod>
            <duration>86400</duration>
            <start>1350111600</start>
          </timePeriod>
          <value>0</value>
        </IntervalReading>
        <IntervalReading>
          <cost>103603</cost>
          <timePeriod>
            <duration>86400</duration>
            <start>1350198000</start>
          </timePeriod>
          <value>1036</value>
        </IntervalReading>
        <IntervalReading>
          <cost>136126</cost>
          <timePeriod>
            <duration>86400</duration>
            <start>1350284400</start>
          </timePeriod>
          <value>1038</value>
        </IntervalReading>
        <IntervalReading>
          <cost>136126</cost>
          <timePeriod>
            <duration>86400</duration>
            <start>1350370800</start>
          </timePeriod>
          <value>1038</value>
        </IntervalReading>
        <IntervalReading>
          <cost>272238</cost>
          <timePeriod>
            <duration>86400</duration>
            <start>1350457200</start>
          </timePeriod>
          <value>2076</value>
        </IntervalReading>
        <IntervalReading>
          <cost>0</cost>
          <timePeriod>
            <duration>86400</duration>
            <start>1350543600</start>
          </timePeriod>
          <value>0</value>
        </IntervalReading>
        <IntervalReading>
          <cost>136126</cost>
          <timePeriod>
            <duration>86400</duration>
            <start>1350630000</start>
          </timePeriod>
          <value>1038</value>
        </IntervalReading>
        <IntervalReading>
          <cost>136126</cost>
          <timePeriod>
            <duration>86400</duration>
            <start>1350716400</start>
          </timePeriod>
          <value>1038</value>
        </IntervalReading>
        <IntervalReading>
          <cost>272238</cost>
          <timePeriod>
            <duration>86400</duration>
            <start>1350802800</start>
          </timePeriod>
          <value>2076</value>
        </IntervalReading>
        <IntervalReading>
          <cost>271976</cost>
          <timePeriod>
            <duration>86400</duration>
            <start>1350889200</start>
          </timePeriod>
          <value>2074</value>
        </IntervalReading>
        <IntervalReading>
          <cost>135981</cost>
          <timePeriod>
            <duration>86400</duration>
            <start>1350975600</start>
          </timePeriod>
          <value>1037</value>
        </IntervalReading>
        <IntervalReading>
          <cost>135981</cost>
          <timePeriod>
            <duration>86400</duration>
            <start>1351062000</start>
          </timePeriod>
          <value>1037</value>
        </IntervalReading>
        <IntervalReading>
          <cost>207415</cost>
          <timePeriod>
            <duration>86400</duration>
            <start>1351148400</start>
          </timePeriod>
          <value>2074</value>
        </IntervalReading>
        <IntervalReading>
          <cost>103703</cost>
          <timePeriod>
            <duration>86400</duration>
            <start>1351234800</start>
          </timePeriod>
          <value>1037</value>
        </IntervalReading>
        <IntervalReading>
          <cost>207415</cost>
          <timePeriod>
            <duration>86400</duration>
            <start>1351321200</start>
          </timePeriod>
          <value>2074</value>
        </IntervalReading>
        <IntervalReading>
          <cost>271976</cost>
          <timePeriod>
            <duration>86400</duration>
            <start>1351407600</start>
          </timePeriod>
          <value>2074</value>
        </IntervalReading>
        <IntervalReading>
          <cost>135850</cost>
          <timePeriod>
            <duration>86400</duration>
            <start>1351494000</start>
          </timePeriod>
          <value>1036</value>
        </IntervalReading>
        <IntervalReading>
          <cost>135850</cost>
          <timePeriod>
            <duration>86400</duration>
            <start>1351580400</start>
          </timePeriod>
          <value>1036</value>
        </IntervalReading>
        <IntervalReading>
          <cost>271714</cost>
          <timePeriod>
            <duration>86400</duration>
            <start>1351666800</start>
          </timePeriod>
          <value>2072</value>
        </IntervalReading>
        <IntervalReading>
          <cost>103603</cost>
          <timePeriod>
            <duration>86400</duration>
            <start>1351753200</start>
          </timePeriod>
          <value>1036</value>
        </IntervalReading>
        <IntervalReading>
          <cost>103603</cost>
          <timePeriod>
            <duration>86400</duration>
            <start>1351839600</start>
          </timePeriod>
          <value>1036</value>
        </IntervalReading>
      </IntervalBlock>
    </content>
  </entry>
</feed>