<LiveData>
    <GatewayTime>
        <Hour>17</Hour>
        <Minute>28</Minute>
        <Month>1</Month>
        <Day>18</Day>
        <Year>13</Year>
        <maxsecond>1</maxsecond>
        <accusecond>0</accusecond>
    </GatewayTime>

    <Voltage>
        <Total>
            <VoltageNow>2336</VoltageNow>
            <LowVoltageHour>2333</LowVoltageHour>
            <LowVoltageToday>2319</LowVoltageToday>
            <LowVoltageTodayTimeHour>7</LowVoltageTodayTimeHour>
            <LowVoltageTodayTimeMin>37</LowVoltageTodayTimeMin>
            <HighVoltageHour>2375</HighVoltageHour>
            <HighVoltageToday>2434</HighVoltageToday>
            <HighVoltageTodayTimeHour>3</HighVoltageTodayTimeHour>
            <HighVoltageTodayTimeMin>35</HighVoltageTodayTimeMin>
            <LowVoltageMTD>2165</LowVoltageMTD>
            <LowVoltageMTDDateMonth>1</LowVoltageMTDDateMonth>
            <LowVoltageMTDDateDay>13</LowVoltageMTDDateDay>
            <HighVoltageMTD>2476</HighVoltageMTD>
            <HighVoltageMTDDateMonth>1</HighVoltageMTDDateMonth>
            <HighVoltageMTDDateDay>4</HighVoltageMTDDateDay>
        </Total>
        <MTU1>
            <VoltageNow>2336</VoltageNow>
            <LowVoltageHour>2333</LowVoltageHour>
            <LowVoltageToday>2319</LowVoltageToday>
            <LowVoltageTodayTimeHour>7</LowVoltageTodayTimeHour>
            <LowVoltageTodayTimeMin>37</LowVoltageTodayTimeMin>
            <HighVoltageHour>2375</HighVoltageHour>
            <HighVoltageToday>2438</HighVoltageToday>
            <HighVoltageTodayTimeHour>3</HighVoltageTodayTimeHour>
            <HighVoltageTodayTimeMin>35</HighVoltageTodayTimeMin>
            <LowVoltageMTD>2165</LowVoltageMTD>
            <LowVoltageMTDDateMonth>1</LowVoltageMTDDateMonth>
            <LowVoltageMTDDateDay>13</LowVoltageMTDDateDay>
            <HighVoltageMTD>2480</HighVoltageMTD>
            <HighVoltageMTDDateMonth>1</HighVoltageMTDDateMonth>
            <HighVoltageMTDDateDay>4</HighVoltageMTDDateDay>
        </MTU1>
        <MTU2>
            <VoltageNow>2331</VoltageNow>
            <LowVoltageHour>2328</LowVoltageHour>
            <LowVoltageToday>2315</LowVoltageToday>
            <LowVoltageTodayTimeHour>7</LowVoltageTodayTimeHour>
            <LowVoltageTodayTimeMin>37</LowVoltageTodayTimeMin>
            <HighVoltageHour>2372</HighVoltageHour>
            <HighVoltageToday>2434</HighVoltageToday>
            <HighVoltageTodayTimeHour>3</HighVoltageTodayTimeHour>
            <HighVoltageTodayTimeMin>35</HighVoltageTodayTimeMin>
            <LowVoltageMTD>2161</LowVoltageMTD>
            <LowVoltageMTDDateMonth>1</LowVoltageMTDDateMonth>
            <LowVoltageMTDDateDay>13</LowVoltageMTDDateDay>
            <HighVoltageMTD>2476</HighVoltageMTD>
            <HighVoltageMTDDateMonth>1</HighVoltageMTDDateMonth>
            <HighVoltageMTDDateDay>4</HighVoltageMTDDateDay>
        </MTU2>
        <MTU3>
            <VoltageNow>0</VoltageNow>
            <LowVoltageHour>0</LowVoltageHour>
            <LowVoltageToday>0</LowVoltageToday>
            <LowVoltageTodayTimeHour>0</LowVoltageTodayTimeHour>
            <LowVoltageTodayTimeMin>0</LowVoltageTodayTimeMin>
            <HighVoltageHour>0</HighVoltageHour>
            <HighVoltageToday>0</HighVoltageToday>
            <HighVoltageTodayTimeHour>0</HighVoltageTodayTimeHour>
            <HighVoltageTodayTimeMin>0</HighVoltageTodayTimeMin>
            <LowVoltageMTD>0</LowVoltageMTD>
            <LowVoltageMTDDateMonth>0</LowVoltageMTDDateMonth>
            <LowVoltageMTDDateDay>0</LowVoltageMTDDateDay>
            <HighVoltageMTD>0</HighVoltageMTD>
            <HighVoltageMTDDateMonth>0</HighVoltageMTDDateMonth>
            <HighVoltageMTDDateDay>0</HighVoltageMTDDateDay>
        </MTU3>
        <MTU4>
            <VoltageNow>0</VoltageNow>
            <LowVoltageHour>0</LowVoltageHour>
            <LowVoltageToday>0</LowVoltageToday>
            <LowVoltageTodayTimeHour>0</LowVoltageTodayTimeHour>
            <LowVoltageTodayTimeMin>0</LowVoltageTodayTimeMin>
            <HighVoltageHour>0</HighVoltageHour>
            <HighVoltageToday>0</HighVoltageToday>
            <HighVoltageTodayTimeHour>0</HighVoltageTodayTimeHour>
            <HighVoltageTodayTimeMin>0</HighVoltageTodayTimeMin>
            <LowVoltageMTD>0</LowVoltageMTD>
            <LowVoltageMTDDateMonth>0</LowVoltageMTDDateMonth>
            <LowVoltageMTDDateDay>0</LowVoltageMTDDateDay>
            <HighVoltageMTD>0</HighVoltageMTD>
            <HighVoltageMTDDateMonth>0</HighVoltageMTDDateMonth>
            <HighVoltageMTDDateDay>0</HighVoltageMTDDateDay>
        </MTU4>
    </Voltage>

    <Power>
        <Total>
            <PowerNow>1314</PowerNow>
            <PowerHour>1143</PowerHour>
            <PowerTDY>4638</PowerTDY>
            <PowerMTD>125416</PowerMTD>
            <PowerProj>226386</PowerProj>
            <KVA>1645</KVA>
            <PeakTdy>-20</PeakTdy>
            <PeakMTD>-16</PeakMTD>
            <PeakTdyHour>6</PeakTdyHour>
            <PeakTdyMin>13</PeakTdyMin>
            <PeakMTDMonth>1</PeakMTDMonth>
            <PeakMTDDay>14</PeakMTDDay>
            <MinTdy>204</MinTdy>
            <MinMTD>-16573</MinMTD>
            <MinTdyHour>9</MinTdyHour>
            <MinTdyMin>8</MinTdyMin>
            <MinMTDMonth>1</MinMTDMonth>
            <MinMTDDay>12</MinMTDDay>


        </Total>
        <MTU1>
            <PowerNow>-22</PowerNow>
            <PowerHour>-31</PowerHour>
            <PowerTDY>-5780</PowerTDY>
            <PowerMTD>-89908</PowerMTD>
            <PowerProj>-162290</PowerProj>
            <KVA>295</KVA>
            <PeakTdy>-20</PeakTdy>
            <PeakMTD>-16</PeakMTD>
            <PeakTdyHour>6</PeakTdyHour>
            <PeakTdyMin>13</PeakTdyMin>
            <PeakMTDMonth>1</PeakMTDMonth>
            <PeakMTDDay>14</PeakMTDDay>
            <MinTdy>-1229</MinTdy>
            <MinMTD>-16573</MinMTD>
            <MinTdyHour>13</MinTdyHour>
            <MinTdyMin>10</MinTdyMin>
            <MinMTDMonth>1</MinMTDMonth>
            <MinMTDDay>15</MinMTDDay>


        </MTU1>
        <MTU2>
            <PowerNow>1336</PowerNow>
            <PowerHour>1174</PowerHour>
            <PowerTDY>10418</PowerTDY>
            <PowerMTD>215324</PowerMTD>
            <PowerProj>388676</PowerProj>
            <KVA>1350</KVA>
            <PeakTdy>4830</PeakTdy>
            <PeakMTD>33363</PeakMTD>
            <MinTdy>204</MinTdy>
            <MinMTD>204</MinMTD>
            <MinTdyHour>9</MinTdyHour>
            <MinTdyMin>8</MinTdyMin>
            <MinMTDMonth>1</MinMTDMonth>
            <MinMTDDay>12</MinMTDDay>


        </MTU2>

        <MTU3>
            <PowerNow>0</PowerNow>
            <PowerHour>-1</PowerHour>
            <PowerTDY>0</PowerTDY>
            <PowerMTD>0</PowerMTD>
            <PowerProj>0</PowerProj>
            <KVA>0</KVA>
            <PeakTdy>0</PeakTdy>
            <PeakMTD>0</PeakMTD>
            <PeakTdyHour>0</PeakTdyHour>
            <PeakTdyMin>0</PeakTdyMin>
            <PeakMTDMonth>0</PeakMTDMonth>
            <PeakMTDDay>0</PeakMTDDay>
            <MinTdy>0</MinTdy>
            <MinMTD>0</MinMTD>
            <MinTdyHour>0</MinTdyHour>
            <MinTdyMin>0</MinTdyMin>
            <MinMTDMonth>0</MinMTDMonth>
            <MinMTDDay>0</MinMTDDay>
        </MTU3>
        <MTU4>
            <PowerNow>0</PowerNow>
            <PowerHour>-1</PowerHour>
            <PowerTDY>0</PowerTDY>
            <PowerMTD>0</PowerMTD>
            <PowerProj>0</PowerProj>
            <KVA>0</KVA>
            <PeakTdy>0</PeakTdy>
            <PeakMTD>0</PeakMTD>
            <PeakTdyHour>0</PeakTdyHour>
            <PeakTdyMin>0</PeakTdyMin>
            <PeakMTDMonth>0</PeakMTDMonth>
            <PeakMTDDay>0</PeakMTDDay>
            <MinTdy>0</MinTdy>
            <MinMTD>0</MinMTD>
            <MinTdyHour>0</MinTdyHour>
            <MinTdyMin>0</MinTdyMin>
            <MinMTDMonth>0</MinMTDMonth>
            <MinMTDDay>0</MinMTDDay>
        </MTU4>
    </Power>

    <Cost>
        <Total>
            <CostNow>0</CostNow>
            <CostHour>0</CostHour>
            <CostTDY>0</CostTDY>
            <CostMTD>0</CostMTD>
            <CostProj>0</CostProj>
            <PeakTdy>0</PeakTdy>
            <PeakMTD>0</PeakMTD>
            <PeakTdyHour>3</PeakTdyHour>
            <PeakTdyMin>35</PeakTdyMin>
            <PeakMTDMonth>1</PeakMTDMonth>
            <PeakMTDDay>1</PeakMTDDay>

            <MinTdy>0</MinTdy>
            <MinMTD>0</MinMTD>
            <MinTdyHour>0</MinTdyHour>
            <MinTdyMin>1</MinTdyMin>
            <MinMTDMonth>1</MinMTDMonth>
            <MinMTDDay>1</MinMTDDay>
        </Total>
        <MTU1>
            <CostNow>0</CostNow>
            <CostHour>0</CostHour>
            <CostTDY>0</CostTDY>
            <CostMTD>0</CostMTD>
            <CostProj>0</CostProj>
            <PeakTdy>0</PeakTdy>
            <PeakMTD>0</PeakMTD>
            <PeakTdyHour>3</PeakTdyHour>
            <PeakTdyMin>35</PeakTdyMin>
            <PeakMTDMonth>1</PeakMTDMonth>
            <PeakMTDDay>1</PeakMTDDay>

            <MinTdy>0</MinTdy>
            <MinMTD>0</MinMTD>
            <MinTdyHour>0</MinTdyHour>
            <MinTdyMin>1</MinTdyMin>
            <MinMTDMonth>1</MinMTDMonth>
            <MinMTDDay>1</MinMTDDay>
        </MTU1>
        <MTU2>
            <CostNow>0</CostNow>
            <CostHour>0</CostHour>
            <CostTDY>0</CostTDY>
            <CostMTD>0</CostMTD>
            <CostProj>0</CostProj>
            <PeakTdy>0</PeakTdy>
            <PeakMTD>0</PeakMTD>
            <PeakTdyHour>3</PeakTdyHour>
            <PeakTdyMin>35</PeakTdyMin>
            <PeakMTDMonth>1</PeakMTDMonth>
            <PeakMTDDay>1</PeakMTDDay>
            <MinTdy>0</MinTdy>
            <MinMTD>0</MinMTD>
            <MinTdyHour>0</MinTdyHour>
            <MinTdyMin>1</MinTdyMin>
            <MinMTDMonth>1</MinMTDMonth>
            <MinMTDDay>1</MinMTDDay>
        </MTU2>
        <MTU3>
            <CostNow>0</CostNow>
            <CostHour>-1</CostHour>
            <CostTDY>0</CostTDY>
            <CostMTD>0</CostMTD>
            <CostProj>0</CostProj>
            <PeakTdy>0</PeakTdy>
            <PeakMTD>0</PeakMTD>
            <PeakTdyHour>0</PeakTdyHour>
            <PeakTdyMin>0</PeakTdyMin>
            <PeakMTDMonth>0</PeakMTDMonth>
            <PeakMTDDay>0</PeakMTDDay>
            <MinTdy>0</MinTdy>
            <MinMTD>0</MinMTD>
            <MinTdyHour>0</MinTdyHour>
            <MinTdyMin>0</MinTdyMin>
            <MinMTDMonth>0</MinMTDMonth>
            <MinMTDDay>0</MinMTDDay>
        </MTU3>
        <MTU4>
            <CostNow>0</CostNow>
            <CostHour>-1</CostHour>
            <CostTDY>0</CostTDY>
            <CostMTD>0</CostMTD>
            <CostProj>0</CostProj>
            <PeakTdy>0</PeakTdy>
            <PeakMTD>0</PeakMTD>
            <PeakTdyHour>0</PeakTdyHour>
            <PeakTdyMin>0</PeakTdyMin>
            <PeakMTDMonth>0</PeakMTDMonth>
            <PeakMTDDay>0</PeakMTDDay>
            <MinTdy>0</MinTdy>
            <MinMTD>0</MinMTD>
            <MinTdyHour>0</MinTdyHour>
            <MinTdyMin>0</MinTdyMin>
            <MinMTDMonth>0</MinMTDMonth>
            <MinMTDDay>0</MinMTDDay>
        </MTU4>
    </Cost>

    <System>
        <NumberMTU>2</NumberMTU>
    </System>

    <subwat></subwat>
    <subcost></subcost>
    <Utility>
        <CarbonRate>155</CarbonRate>
        <CurrentRate>0</CurrentRate>
        <MeterReadDate>1</MeterReadDate>
        <DaysLeftInBillingCycle>14</DaysLeftInBillingCycle>
        <PlanType>0</PlanType>
        <CurrentTier>0</CurrentTier>
        <CurrentTOU>0</CurrentTOU>
        <CurrentTOUDescription></CurrentTOUDescription>
    </Utility>


</LiveData>