{"/A/true_energy": {"Readings": [[1323283884000, 828.1]], "uuid": "d5912eb5-67af-5f54-a5fd-5642416c6bfd", "Properties": {"Timezone": "America/Los_Angeles", "UnitofMeasure": "kWh", "ReadingType": "double"}}, "/B/true_energy": {"Readings": [[1323283884000, 947.0]], "uuid": "552e320c-1194-59a9-8045-86fed8666e1b", "Properties": {"Timezone": "America/Los_Angeles", "UnitofMeasure": "kWh", "ReadingType": "double"}}, "/C/reactive_power": {"Readings": [[1323283884000, 0.0]], "uuid": "413980c8-1874-51ca-89ab-ee8c5312b386", "Properties": {"Timezone": "America/Los_Angeles", "UnitofMeasure": "kVAR", "ReadingType": "double"}}, "/C": {"Contents": ["true_energy", "reactive_energy", "apparent_energy", "true_power", "reactive_power", "apparent_power", "displacement_pf", "apparent_pf", "current", "phase-neutral_voltage"], "Metadata": {"Extra": {"Phase": "C"}}}, "/B": {"Contents": ["true_energy", "reactive_energy", "apparent_energy", "true_power", "reactive_power", "apparent_power", "displacement_pf", "apparent_pf", "current", "phase-neutral_voltage"], "Metadata": {"Extra": {"Phase": "B"}}}, "/A": {"Contents": ["true_energy", "reactive_energy", "apparent_energy", "true_power", "reactive_power", "apparent_power", "displacement_pf", "apparent_pf", "current", "phase-neutral_voltage"], "Metadata": {"Extra": {"Phase": "A"}}}, "/ABC/reactive_power": {"Readings": [[1323283884000, 1.7]], "uuid": "5ccfb746-9cca-58c1-b2d1-9bb62fe017d9", "Properties": {"Timezone": "America/Los_Angeles", "UnitofMeasure": "kVAR", "ReadingType": "double"}}, "/ABC/displacement_pf": {"Readings": [[1323283884000, 1.0]], "uuid": "3c9e4414-b4c1-5939-9090-5fbe133027db", "Properties": {"Timezone": "America/Los_Angeles", "UnitofMeasure": "PF", "ReadingType": "double"}}, "/ABC/apparent_energy": {"Readings": [[1323283884000, 2747.9]], "uuid": "af610b66-827b-54ac-94ae-bccdc16a606e", "Properties": {"Timezone": "America/Los_Angeles", "UnitofMeasure": "kVAh", "ReadingType": "double"}}, "/ABC/current": {"Readings": [[1323283884000, 67.1]], "uuid": "30da15b3-87df-5626-bd5d-fd88eccb1591", "Properties": {"Timezone": "America/Los_Angeles", "UnitofMeasure": "A", "ReadingType": "double"}}, "/A/displacement_pf": {"Readings": [[1323283884000, 0.99]], "uuid": "303dcfd8-8b38-5b54-a663-76bf075af484", "Properties": {"Timezone": "America/Los_Angeles", "UnitofMeasure": "PF", "ReadingType": "double"}}, "/C/reactive_energy": {"Readings": [[1323283884000, 6.4]], "uuid": "ef6149a7-a92e-5826-af47-27385643706d", "Properties": {"Timezone": "America/Los_Angeles", "UnitofMeasure": "kVARh", "ReadingType": "double"}}, "/B/apparent_energy": {"Readings": [[1323283884000, 964.9]], "uuid": "7bd179a6-216d-5092-8e34-dc8a9afbb18d", "Properties": {"Timezone": "America/Los_Angeles", "UnitofMeasure": "kVAh", "ReadingType": "double"}}, "/BC/volts": {"Readings": [[1323283884000, 502.9]], "uuid": "35fac45a-4bac-536e-88d0-53658d7b4f6d", "Properties": {"Timezone": "America/Los_Angeles", "UnitofMeasure": "V", "ReadingType": "double"}}, "/C/apparent_energy": {"Readings": [[1323283884000, 943.0]], "uuid": "9f231265-524f-5705-9d79-a245eb63b360", "Properties": {"Timezone": "America/Los_Angeles", "UnitofMeasure": "kVAh", "ReadingType": "double"}}, "/BC": {"Contents": ["volts"], "Metadata": {"Extra": {"Phase": "BC"}}}, "/": {"Contents": ["A", "B", "C", "ABC", "AB", "BC", "AC"], "Metadata": {"Extra": {"ServiceArea": "Sun Black Box", "DentElement": "elt-A", "ServiceDetail": "Transformer to Black Box", "System": "datacenter", "CircuitVolts": "480", "SystemDetail": "Sun Black Box"}}}, "/A/phase-neutral_voltage": {"Readings": [[1323283884000, 267.1]], "uuid": "f4a859ec-951d-5fd5-98ec-f7192b2fcbd8", "Properties": {"Timezone": "America/Los_Angeles", "UnitofMeasure": "V", "ReadingType": "double"}}, "/A/current": {"Readings": [[1323283884000, 21.6]], "uuid": "dfeb2160-616f-58c4-a031-964114c9de46", "Properties": {"Timezone": "America/Los_Angeles", "UnitofMeasure": "A", "ReadingType": "double"}}, "/C/apparent_pf": {"Readings": [[1323283884000, 1.0]], "uuid": "67b382dc-8ebe-5ed9-b021-95dc30b496ac", "Properties": {"Timezone": "America/Los_Angeles", "UnitofMeasure": "PF", "ReadingType": "double"}}, "/C/true_power": {"Readings": [[1323283884000, 6.4]], "uuid": "c6333250-9413-56b7-a7d6-6abde7795d2d", "Properties": {"Timezone": "America/Los_Angeles", "UnitofMeasure": "kW", "ReadingType": "double"}}, "/ABC/line_frequency": {"Readings": [[1323283884000, 60.0]], "uuid": "64a91ac2-5be4-5a60-a3d2-44db2975544a", "Properties": {"Timezone": "America/Los_Angeles", "UnitofMeasure": "HZ", "ReadingType": "double"}}, "/B/apparent_pf": {"Readings": [[1323283884000, 0.99]], "uuid": "d26a4336-957b-5348-a19a-5c5e752173de", "Properties": {"Timezone": "America/Los_Angeles", "UnitofMeasure": "PF", "ReadingType": "double"}}, "/B/current": {"Readings": [[1323283884000, 23.7]], "uuid": "00ec2844-057b-5304-8064-0fddb1e6e2a2", "Properties": {"Timezone": "America/Los_Angeles", "UnitofMeasure": "A", "ReadingType": "double"}}, "/A/true_power": {"Readings": [[1323283884000, 5.6]], "uuid": "00b4fe10-aa04-5234-925e-1d681533ea3c", "Properties": {"Timezone": "America/Los_Angeles", "UnitofMeasure": "kW", "ReadingType": "double"}}, "/B/reactive_power": {"Readings": [[1323283884000, 1.0]], "uuid": "d210a704-2894-50e5-a606-846729c16cf0", "Properties": {"Timezone": "America/Los_Angeles", "UnitofMeasure": "kVAR", "ReadingType": "double"}}, "/A/reactive_power": {"Readings": [[1323283884000, 0.6]], "uuid": "67ed36b1-70f6-5381-b7cf-04ae9ced9595", "Properties": {"Timezone": "America/Los_Angeles", "UnitofMeasure": "kVAR", "ReadingType": "double"}}, "/C/true_energy": {"Readings": [[1323283884000, 935.8]], "uuid": "3835bce9-68cb-59f2-90e6-9974514459c4", "Properties": {"Timezone": "America/Los_Angeles", "UnitofMeasure": "kWh", "ReadingType": "double"}}, "/ABC/true_power": {"Readings": [[1323283884000, 18.7]], "uuid": "e14bc2c9-e277-5239-9e60-8fa839394c01", "Properties": {"Timezone": "America/Los_Angeles", "UnitofMeasure": "kW", "ReadingType": "double"}}, "/C/phase-neutral_voltage": {"Readings": [[1323283884000, 299.5]], "uuid": "8dadd7f0-07bc-59b5-8002-47bbdb0273a4", "Properties": {"Timezone": "America/Los_Angeles", "UnitofMeasure": "V", "ReadingType": "double"}}, "/B/apparent_power": {"Readings": [[1323283884000, 6.6]], "uuid": "031599b6-f186-5f73-8f24-86859cfcbd5a", "Properties": {"Timezone": "America/Los_Angeles", "UnitofMeasure": "kVA", "ReadingType": "double"}}, "/B/displacement_pf": {"Readings": [[1323283884000, 0.99]], "uuid": "cbf31882-b8f7-5d03-b9e4-deb933644729", "Properties": {"Timezone": "America/Los_Angeles", "UnitofMeasure": "PF", "ReadingType": "double"}}, "/ABC/reactive_energy": {"Readings": [[1323283884000, 258.6]], "uuid": "49577f73-ca3c-5b2a-8ff7-a5499fde0c05", "Properties": {"Timezone": "America/Los_Angeles", "UnitofMeasure": "kVARh", "ReadingType": "double"}}, "/B/true_power": {"Readings": [[1323283884000, 6.5]], "uuid": "5b0897db-365e-573c-bf6c-07f21b6add2b", "Properties": {"Timezone": "America/Los_Angeles", "UnitofMeasure": "kW", "ReadingType": "double"}}, "/A/apparent_pf": {"Readings": [[1323283884000, 0.98]], "uuid": "f02678a4-ab9e-522b-983e-67d8ce8c593a", "Properties": {"Timezone": "America/Los_Angeles", "UnitofMeasure": "PF", "ReadingType": "double"}}, "/ABC/true_energy": {"Readings": [[1323283884000, 2711.1]], "uuid": "521c888e-213c-5466-a812-23613a5e5de2", "Properties": {"Timezone": "America/Los_Angeles", "UnitofMeasure": "kWh", "ReadingType": "double"}}, "/AC": {"Contents": ["volts"], "Metadata": {"Extra": {"Phase": "AC"}}}, "/AB": {"Contents": ["volts"], "Metadata": {"Extra": {"Phase": "AB"}}}, "/ABC/apparent_power": {"Readings": [[1323283884000, 18.9]], "uuid": "09deedd5-f1c6-5e07-abfe-eedc6b6ed5d5", "Properties": {"Timezone": "America/Los_Angeles", "UnitofMeasure": "kVA", "ReadingType": "double"}}, "/AC/volts": {"Readings": [[1323283884000, 491.0]], "uuid": "1d9135c8-5015-5280-9b6f-527d9e8094dd", "Properties": {"Timezone": "America/Los_Angeles", "UnitofMeasure": "V", "ReadingType": "double"}}, "/ABC/apparent_pf": {"Readings": [[1323283884000, 0.99]], "uuid": "e7471588-3f9a-58af-a9a2-8429cd48a0a5", "Properties": {"Timezone": "America/Los_Angeles", "UnitofMeasure": "PF", "ReadingType": "double"}}, "/B/phase-neutral_voltage": {"Readings": [[1323283884000, 281.0]], "uuid": "3a50d1e2-2422-5ff6-b10c-5a94f8e67d52", "Properties": {"Timezone": "America/Los_Angeles", "UnitofMeasure": "V", "ReadingType": "double"}}, "/A/apparent_power": {"Readings": [[1323283884000, 5.8]], "uuid": "d4d1ba72-3073-58e4-bf40-32d4110d5b7b", "Properties": {"Timezone": "America/Los_Angeles", "UnitofMeasure": "kVA", "ReadingType": "double"}}, "/C/apparent_power": {"Readings": [[1323283884000, 6.4]], "uuid": "57892a63-3baf-577c-ade4-9d87c762fedb", "Properties": {"Timezone": "America/Los_Angeles", "UnitofMeasure": "kVA", "ReadingType": "double"}}, "/B/reactive_energy": {"Readings": [[1323283884000, 159.0]], "uuid": "a9bd019e-6364-5738-b1d8-4999b7bae2f6", "Properties": {"Timezone": "America/Los_Angeles", "UnitofMeasure": "kVARh", "ReadingType": "double"}}, "/ABC": {"Contents": ["true_energy", "reactive_energy", "apparent_energy", "true_power", "reactive_power", "apparent_power", "displacement_pf", "apparent_pf", "current", "line_frequency"], "Metadata": {"Extra": {"Phase": "ABC"}}}, "/C/displacement_pf": {"Readings": [[1323283884000, 1.0]], "uuid": "a1d41a15-006c-5229-be69-8d530f55716f", "Properties": {"Timezone": "America/Los_Angeles", "UnitofMeasure": "PF", "ReadingType": "double"}}, "/C/current": {"Readings": [[1323283884000, 21.6]], "uuid": "ae03b373-c435-5a22-b172-12798dd71ecd", "Properties": {"Timezone": "America/Los_Angeles", "UnitofMeasure": "A", "ReadingType": "double"}}, "/A/apparent_energy": {"Readings": [[1323283884000, 839.8]], "uuid": "97ebe5b0-736c-5886-99ca-d72f433f26ab", "Properties": {"Timezone": "America/Los_Angeles", "UnitofMeasure": "kVAh", "ReadingType": "double"}}, "/AB/volts": {"Readings": [[1323283884000, 474.8]], "uuid": "04565ed7-71fc-50d8-b030-513fa5181b54", "Properties": {"Timezone": "America/Los_Angeles", "UnitofMeasure": "V", "ReadingType": "double"}}, "/A/reactive_energy": {"Readings": [[1323283884000, 93.1]], "uuid": "81324ca4-f78b-5b9a-8122-0f18df51b049", "Properties": {"Timezone": "America/Los_Angeles", "UnitofMeasure": "kVARh", "ReadingType": "double"}}}